graph name;iteration number;iteration type;runtime;k-augs searched;#k-augs found;#k-augs no conflicts;weight added;weight removed;weight improvement;old matching weight;new matching weight
cond-mat.mtx;0;S;0.017301;1;16264;3764;-1.000000;-1.000000;-1.000000;-1.000000;0.000000
cond-mat.mtx;1;F;0.001802;-1;-1;-1;6010.566176;0.000000;6010.566176;0.000000;6010.566176
cond-mat.mtx;2;S;0.010268;1;6953;1659;-1.000000;-1.000000;-1.000000;-1.000000;-1.000000
cond-mat.mtx;3;F;0.002386;-1;-1;-1;1221.918073;0.000000;1221.918073;6010.566176;7232.484250
cond-mat.mtx;4;S;0.007831;1;2565;706;-1.000000;-1.000000;-1.000000;-1.000000;-1.000000
cond-mat.mtx;5;F;0.001945;-1;-1;-1;285.824684;0.000000;285.824684;7232.484250;7518.308934
cond-mat.mtx;6;S;0.005917;1;795;218;-1.000000;-1.000000;-1.000000;-1.000000;-1.000000
cond-mat.mtx;7;F;0.001578;-1;-1;-1;55.696421;0.000000;55.696421;7518.308934;7574.005355
cond-mat.mtx;8;S;0.004161;1;234;76;-1.000000;-1.000000;-1.000000;-1.000000;-1.000000
cond-mat.mtx;9;F;0.001436;-1;-1;-1;12.829818;0.000000;12.829818;7574.005355;7586.835173
cond-mat.mtx;10;S;0.003875;1;53;16;-1.000000;-1.000000;-1.000000;-1.000000;-1.000000
cond-mat.mtx;11;F;0.001398;-1;-1;-1;2.035749;0.000000;2.035749;7586.835173;7588.870922
cond-mat.mtx;12;S;0.003860;1;17;5;-1.000000;-1.000000;-1.000000;-1.000000;-1.000000
cond-mat.mtx;13;F;0.001428;-1;-1;-1;0.528210;0.000000;0.528210;7588.870922;7589.399133
cond-mat.mtx;14;S;0.003825;1;6;2;-1.000000;-1.000000;-1.000000;-1.000000;-1.000000
cond-mat.mtx;15;F;0.001388;-1;-1;-1;0.174242;0.000000;0.174242;7589.399133;7589.573375
cond-mat.mtx;16;S;0.071401;2;664;277;-1.000000;-1.000000;-1.000000;-1.000000;-1.000000
cond-mat.mtx;17;F;0.005884;-1;-1;-1;590.630457;500.522815;90.107642;7589.573375;7679.681017
cond-mat.mtx;18;S;0.078621;2;100;36;-1.000000;-1.000000;-1.000000;-1.000000;-1.000000
cond-mat.mtx;19;F;0.001551;-1;-1;-1;46.716288;39.576926;7.139362;7679.681017;7686.820379
cond-mat.mtx;20;S;0.061024;2;16;7;-1.000000;-1.000000;-1.000000;-1.000000;-1.000000
cond-mat.mtx;21;F;0.001662;-1;-1;-1;6.004278;4.254793;1.749486;7686.820379;7688.569865
cond-mat.mtx;22;S;0.065107;2;12;3;-1.000000;-1.000000;-1.000000;-1.000000;-1.000000
cond-mat.mtx;23;F;0.001459;-1;-1;-1;1.685714;1.326190;0.359524;7688.569865;7688.929388
cond-mat.mtx;24;S;0.065240;2;2;1;-1.000000;-1.000000;-1.000000;-1.000000;-1.000000
cond-mat.mtx;25;F;0.001394;-1;-1;-1;1.100000;1.033333;0.066667;7688.929388;7688.996055
cond-mat.mtx;26;S;0.477967;3;116;52;-1.000000;-1.000000;-1.000000;-1.000000;-1.000000
cond-mat.mtx;27;F;0.001996;-1;-1;-1;129.221956;121.911278;7.310678;7688.996055;7696.306733
cond-mat.mtx;28;S;0.091586;3;14;6;-1.000000;-1.000000;-1.000000;-1.000000;-1.000000
cond-mat.mtx;29;F;0.001554;-1;-1;-1;10.800107;10.013201;0.786906;7696.306733;7697.093639
cond-mat.mtx;30;S;0.098092;3;4;1;-1.000000;-1.000000;-1.000000;-1.000000;-1.000000
cond-mat.mtx;31;F;0.001479;-1;-1;-1;3.576190;3.416663;0.159527;7697.093639;7697.253166
cond-mat.mtx;32;S;0.094422;3;2;1;-1.000000;-1.000000;-1.000000;-1.000000;-1.000000
cond-mat.mtx;33;F;0.001536;-1;-1;-1;2.492860;2.442860;0.050000;7697.253166;7697.303166
cond-mat.mtx;34;S;0.091009;3;2;1;-1.000000;-1.000000;-1.000000;-1.000000;-1.000000
cond-mat.mtx;35;F;0.001452;-1;-1;-1;2.542860;2.492860;0.050000;7697.303166;7697.353166
cond-mat.mtx;36;S;0.005668;1;33;15;-1.000000;-1.000000;-1.000000;-1.000000;-1.000000
cond-mat.mtx;37;F;0.001648;-1;-1;-1;5.551190;1.100000;4.451190;7697.353166;7701.804356
cond-mat.mtx;38;S;0.067742;2;8;3;-1.000000;-1.000000;-1.000000;-1.000000;-1.000000
cond-mat.mtx;39;F;0.001554;-1;-1;-1;3.928207;3.804399;0.123808;7701.804356;7701.928164
sd2010.mtx;0;S;0.067422;1;88360;14192;-1.000000;-1.000000;-1.000000;-1.000000;0.000000
sd2010.mtx;1;F;0.008205;-1;-1;-1;3847928005.000000;0.000000;3847928005.000000;0.000000;3847928005.000000
sd2010.mtx;2;S;0.060421;1;56397;10757;-1.000000;-1.000000;-1.000000;-1.000000;-1.000000
sd2010.mtx;3;F;0.011429;-1;-1;-1;1510502927.000000;0.000000;1510502927.000000;3847928005.000000;5358430932.000000
sd2010.mtx;4;S;0.053250;1;28805;6552;-1.000000;-1.000000;-1.000000;-1.000000;-1.000000
sd2010.mtx;5;F;0.011107;-1;-1;-1;513397774.000000;0.000000;513397774.000000;5358430932.000000;5871828706.000000
sd2010.mtx;6;S;0.043959;1;11854;3057;-1.000000;-1.000000;-1.000000;-1.000000;-1.000000
sd2010.mtx;7;F;0.010041;-1;-1;-1;139750120.000000;0.000000;139750120.000000;5871828706.000000;6011578826.000000
sd2010.mtx;8;S;0.034403;1;4267;1186;-1.000000;-1.000000;-1.000000;-1.000000;-1.000000
sd2010.mtx;9;F;0.009753;-1;-1;-1;33270324.000000;0.000000;33270324.000000;6011578826.000000;6044849150.000000
sd2010.mtx;10;S;0.028884;1;1346;395;-1.000000;-1.000000;-1.000000;-1.000000;-1.000000
sd2010.mtx;11;F;0.008391;-1;-1;-1;6896168.000000;0.000000;6896168.000000;6044849150.000000;6051745318.000000
sd2010.mtx;12;S;0.022214;1;370;112;-1.000000;-1.000000;-1.000000;-1.000000;-1.000000
sd2010.mtx;13;F;0.007308;-1;-1;-1;1994924.000000;0.000000;1994924.000000;6051745318.000000;6053740242.000000
sd2010.mtx;14;S;0.020798;1;96;29;-1.000000;-1.000000;-1.000000;-1.000000;-1.000000
sd2010.mtx;15;F;0.007329;-1;-1;-1;299253.000000;0.000000;299253.000000;6053740242.000000;6054039495.000000
sd2010.mtx;16;S;0.020754;1;26;8;-1.000000;-1.000000;-1.000000;-1.000000;-1.000000
sd2010.mtx;17;F;0.007295;-1;-1;-1;94960.000000;0.000000;94960.000000;6054039495.000000;6054134455.000000
sd2010.mtx;18;S;0.021072;1;7;3;-1.000000;-1.000000;-1.000000;-1.000000;-1.000000
sd2010.mtx;19;F;0.007155;-1;-1;-1;28711.000000;0.000000;28711.000000;6054134455.000000;6054163166.000000
sd2010.mtx;20;S;0.354382;2;11140;3068;-1.000000;-1.000000;-1.000000;-1.000000;-1.000000
sd2010.mtx;21;F;0.014560;-1;-1;-1;823406507.000000;643475510.000000;179930997.000000;6054163166.000000;6234094163.000000
sd2010.mtx;22;S;0.389795;2;2698;896;-1.000000;-1.000000;-1.000000;-1.000000;-1.000000
sd2010.mtx;23;F;0.013304;-1;-1;-1;224280559.000000;192226121.000000;32054438.000000;6234094163.000000;6266148601.000000
sd2010.mtx;24;S;0.317149;2;854;311;-1.000000;-1.000000;-1.000000;-1.000000;-1.000000
sd2010.mtx;25;F;0.007749;-1;-1;-1;58060984.000000;49302095.000000;8758889.000000;6266148601.000000;6274907490.000000
sd2010.mtx;26;S;0.280381;2;278;100;-1.000000;-1.000000;-1.000000;-1.000000;-1.000000
sd2010.mtx;27;F;0.007709;-1;-1;-1;16162677.000000;13772973.000000;2389704.000000;6274907490.000000;6277297194.000000
sd2010.mtx;28;S;0.286177;2;84;27;-1.000000;-1.000000;-1.000000;-1.000000;-1.000000
sd2010.mtx;29;F;0.007753;-1;-1;-1;2661801.000000;2145604.000000;516197.000000;6277297194.000000;6277813391.000000
sd2010.mtx;30;S;0.286487;2;18;8;-1.000000;-1.000000;-1.000000;-1.000000;-1.000000
sd2010.mtx;31;F;0.007475;-1;-1;-1;628168.000000;464680.000000;163488.000000;6277813391.000000;6277976879.000000
sd2010.mtx;32;S;0.281893;2;4;1;-1.000000;-1.000000;-1.000000;-1.000000;-1.000000
sd2010.mtx;33;F;0.006816;-1;-1;-1;32874.000000;29083.000000;3791.000000;6277976879.000000;6277980670.000000
sd2010.mtx;34;S;0.447482;3;2364;853;-1.000000;-1.000000;-1.000000;-1.000000;-1.000000
sd2010.mtx;35;F;0.009698;-1;-1;-1;317721616.000000;290947517.000000;26774099.000000;6277980670.000000;6304754769.000000
sd2010.mtx;36;S;0.447107;3;741;250;-1.000000;-1.000000;-1.000000;-1.000000;-1.000000
sd2010.mtx;37;F;0.008085;-1;-1;-1;75047143.000000;68392144.000000;6654999.000000;6304754769.000000;6311409768.000000
sd2010.mtx;38;S;0.461160;3;264;80;-1.000000;-1.000000;-1.000000;-1.000000;-1.000000
sd2010.mtx;39;F;0.007556;-1;-1;-1;24747588.000000;22642386.000000;2105202.000000;6311409768.000000;6313514970.000000
sd2010.mtx;40;S;0.470043;3;114;35;-1.000000;-1.000000;-1.000000;-1.000000;-1.000000
sd2010.mtx;41;F;0.007216;-1;-1;-1;12281238.000000;11451171.000000;830067.000000;6313514970.000000;6314345037.000000
sd2010.mtx;42;S;0.453633;3;29;10;-1.000000;-1.000000;-1.000000;-1.000000;-1.000000
sd2010.mtx;43;F;0.008098;-1;-1;-1;2881633.000000;2761359.000000;120274.000000;6314345037.000000;6314465311.000000
sd2010.mtx;44;S;0.491153;3;12;4;-1.000000;-1.000000;-1.000000;-1.000000;-1.000000
sd2010.mtx;45;F;0.007438;-1;-1;-1;177962.000000;167876.000000;10086.000000;6314465311.000000;6314475397.000000
sd2010.mtx;46;S;0.452857;3;2;1;-1.000000;-1.000000;-1.000000;-1.000000;-1.000000
sd2010.mtx;47;F;0.006573;-1;-1;-1;40330.000000;29749.000000;10581.000000;6314475397.000000;6314485978.000000
sd2010.mtx;48;S;0.026851;1;977;432;-1.000000;-1.000000;-1.000000;-1.000000;-1.000000
sd2010.mtx;49;F;0.007182;-1;-1;-1;15413962.000000;6079210.000000;9334752.000000;6314485978.000000;6323820730.000000
sd2010.mtx;50;S;0.020050;1;16;8;-1.000000;-1.000000;-1.000000;-1.000000;-1.000000
sd2010.mtx;51;F;0.006609;-1;-1;-1;126272.000000;80254.000000;46018.000000;6323820730.000000;6323866748.000000
sd2010.mtx;52;S;0.281994;2;258;87;-1.000000;-1.000000;-1.000000;-1.000000;-1.000000
sd2010.mtx;53;F;0.007843;-1;-1;-1;15419662.000000;14214559.000000;1205103.000000;6323866748.000000;6325071851.000000
sd2010.mtx;54;S;0.276374;2;10;3;-1.000000;-1.000000;-1.000000;-1.000000;-1.000000
sd2010.mtx;55;F;0.007398;-1;-1;-1;267742.000000;244390.000000;23352.000000;6325071851.000000;6325095203.000000
sd2010.mtx;56;S;0.429753;3;36;15;-1.000000;-1.000000;-1.000000;-1.000000;-1.000000
sd2010.mtx;57;F;0.006903;-1;-1;-1;4979509.000000;4668761.000000;310748.000000;6325095203.000000;6325405951.000000
sd2010.mtx;58;S;0.437747;3;2;1;-1.000000;-1.000000;-1.000000;-1.000000;-1.000000
sd2010.mtx;59;F;0.006763;-1;-1;-1;608487.000000;594043.000000;14444.000000;6325405951.000000;6325420395.000000
sd2010.mtx;60;S;0.440622;3;2;1;-1.000000;-1.000000;-1.000000;-1.000000;-1.000000
sd2010.mtx;61;F;0.006680;-1;-1;-1;446643.000000;406413.000000;40230.000000;6325420395.000000;6325460625.000000
sd2010.mtx;62;S;0.026277;1;11;4;-1.000000;-1.000000;-1.000000;-1.000000;-1.000000
sd2010.mtx;63;F;0.006402;-1;-1;-1;256995.000000;0.000000;256995.000000;6325460625.000000;6325717620.000000
sd2010.mtx;64;S;0.283757;2;6;2;-1.000000;-1.000000;-1.000000;-1.000000;-1.000000
sd2010.mtx;65;F;0.007048;-1;-1;-1;247765.000000;233549.000000;14216.000000;6325717620.000000;6325731836.000000
sd2010.mtx;66;S;0.431169;3;2;1;-1.000000;-1.000000;-1.000000;-1.000000;-1.000000
sd2010.mtx;67;F;0.006577;-1;-1;-1;26572.000000;25332.000000;1240.000000;6325731836.000000;6325733076.000000
fl2010.mtx;0;S;0.370608;1;484481;71018;-1.000000;-1.000000;-1.000000;-1.000000;0.000000
fl2010.mtx;1;F;0.042107;-1;-1;-1;6459688582.000000;0.000000;6459688582.000000;0.000000;6459688582.000000
fl2010.mtx;2;S;0.336846;1;320540;64662;-1.000000;-1.000000;-1.000000;-1.000000;-1.000000
fl2010.mtx;3;F;0.065131;-1;-1;-1;2932503309.000000;0.000000;2932503309.000000;6459688582.000000;9392191891.000000
fl2010.mtx;4;S;0.297801;1;157182;39157;-1.000000;-1.000000;-1.000000;-1.000000;-1.000000
fl2010.mtx;5;F;0.063271;-1;-1;-1;1145298373.000000;0.000000;1145298373.000000;9392191891.000000;10537490264.000000
fl2010.mtx;6;S;0.225596;1;56935;16282;-1.000000;-1.000000;-1.000000;-1.000000;-1.000000
fl2010.mtx;7;F;0.055498;-1;-1;-1;325831567.000000;0.000000;325831567.000000;10537490264.000000;10863321831.000000
fl2010.mtx;8;S;0.157139;1;16295;4987;-1.000000;-1.000000;-1.000000;-1.000000;-1.000000
fl2010.mtx;9;F;0.054243;-1;-1;-1;77241461.000000;0.000000;77241461.000000;10863321831.000000;10940563292.000000
fl2010.mtx;10;S;0.162904;1;4035;1279;-1.000000;-1.000000;-1.000000;-1.000000;-1.000000
fl2010.mtx;11;F;0.045836;-1;-1;-1;16533256.000000;0.000000;16533256.000000;10940563292.000000;10957096548.000000
fl2010.mtx;12;S;0.129047;1;945;275;-1.000000;-1.000000;-1.000000;-1.000000;-1.000000
fl2010.mtx;13;F;0.042616;-1;-1;-1;3307941.000000;0.000000;3307941.000000;10957096548.000000;10960404489.000000
fl2010.mtx;14;S;0.116312;1;286;73;-1.000000;-1.000000;-1.000000;-1.000000;-1.000000
fl2010.mtx;15;F;0.043033;-1;-1;-1;905310.000000;0.000000;905310.000000;10960404489.000000;10961309799.000000
fl2010.mtx;16;S;0.118143;1;106;22;-1.000000;-1.000000;-1.000000;-1.000000;-1.000000
fl2010.mtx;17;F;0.042853;-1;-1;-1;245038.000000;0.000000;245038.000000;10961309799.000000;10961554837.000000
fl2010.mtx;18;S;0.118652;1;54;7;-1.000000;-1.000000;-1.000000;-1.000000;-1.000000
fl2010.mtx;19;F;0.042161;-1;-1;-1;83235.000000;0.000000;83235.000000;10961554837.000000;10961638072.000000
fl2010.mtx;20;S;0.117476;1;36;6;-1.000000;-1.000000;-1.000000;-1.000000;-1.000000
fl2010.mtx;21;F;0.042187;-1;-1;-1;67749.000000;0.000000;67749.000000;10961638072.000000;10961705821.000000
fl2010.mtx;22;S;0.117566;1;18;3;-1.000000;-1.000000;-1.000000;-1.000000;-1.000000
fl2010.mtx;23;F;0.043007;-1;-1;-1;27739.000000;0.000000;27739.000000;10961705821.000000;10961733560.000000
fl2010.mtx;24;S;0.116550;1;10;1;-1.000000;-1.000000;-1.000000;-1.000000;-1.000000
fl2010.mtx;25;F;0.042545;-1;-1;-1;22838.000000;0.000000;22838.000000;10961733560.000000;10961756398.000000
fl2010.mtx;26;S;0.118129;1;8;1;-1.000000;-1.000000;-1.000000;-1.000000;-1.000000
fl2010.mtx;27;F;0.042713;-1;-1;-1;22728.000000;0.000000;22728.000000;10961756398.000000;10961779126.000000
fl2010.mtx;28;S;0.118828;1;6;1;-1.000000;-1.000000;-1.000000;-1.000000;-1.000000
fl2010.mtx;29;F;0.056640;-1;-1;-1;22628.000000;0.000000;22628.000000;10961779126.000000;10961801754.000000
fl2010.mtx;30;S;0.124557;1;4;1;-1.000000;-1.000000;-1.000000;-1.000000;-1.000000
fl2010.mtx;31;F;0.041104;-1;-1;-1;22508.000000;0.000000;22508.000000;10961801754.000000;10961824262.000000
fl2010.mtx;32;S;0.121265;1;2;1;-1.000000;-1.000000;-1.000000;-1.000000;-1.000000
fl2010.mtx;33;F;0.042866;-1;-1;-1;15238.000000;0.000000;15238.000000;10961824262.000000;10961839500.000000
fl2010.mtx;34;S;2.084308;2;56240;17803;-1.000000;-1.000000;-1.000000;-1.000000;-1.000000
fl2010.mtx;35;F;0.097528;-1;-1;-1;1624922107.000000;1318146159.000000;306775948.000000;10961839500.000000;11268615448.000000
fl2010.mtx;36;S;1.862810;2;12152;4270;-1.000000;-1.000000;-1.000000;-1.000000;-1.000000
fl2010.mtx;37;F;0.062565;-1;-1;-1;316115975.000000;275177021.000000;40938954.000000;11268615448.000000;11309554402.000000
fl2010.mtx;38;S;1.769205;2;3646;1308;-1.000000;-1.000000;-1.000000;-1.000000;-1.000000
fl2010.mtx;39;F;0.050962;-1;-1;-1;74505481.000000;65088277.000000;9417204.000000;11309554402.000000;11318971606.000000
fl2010.mtx;40;S;1.748504;2;948;346;-1.000000;-1.000000;-1.000000;-1.000000;-1.000000
fl2010.mtx;41;F;0.049425;-1;-1;-1;15955683.000000;13612770.000000;2342913.000000;11318971606.000000;11321314519.000000
fl2010.mtx;42;S;1.702124;2;250;90;-1.000000;-1.000000;-1.000000;-1.000000;-1.000000
fl2010.mtx;43;F;0.058955;-1;-1;-1;3403071.000000;2888664.000000;514407.000000;11321314519.000000;11321828926.000000
fl2010.mtx;44;S;1.709322;2;58;21;-1.000000;-1.000000;-1.000000;-1.000000;-1.000000
fl2010.mtx;45;F;0.044564;-1;-1;-1;826471.000000;695709.000000;130762.000000;11321828926.000000;11321959688.000000
fl2010.mtx;46;S;1.678808;2;8;3;-1.000000;-1.000000;-1.000000;-1.000000;-1.000000
fl2010.mtx;47;F;0.043590;-1;-1;-1;89798.000000;87820.000000;1978.000000;11321959688.000000;11321961666.000000
fl2010.mtx;48;S;2.831838;3;10664;4248;-1.000000;-1.000000;-1.000000;-1.000000;-1.000000
fl2010.mtx;49;F;0.065483;-1;-1;-1;539397738.000000;501088063.000000;38309675.000000;11321961666.000000;11360271341.000000
fl2010.mtx;50;S;2.708422;3;2788;1027;-1.000000;-1.000000;-1.000000;-1.000000;-1.000000
fl2010.mtx;51;F;0.058177;-1;-1;-1;111212263.000000;102740452.000000;8471811.000000;11360271341.000000;11368743152.000000
fl2010.mtx;52;S;2.683332;3;854;310;-1.000000;-1.000000;-1.000000;-1.000000;-1.000000
fl2010.mtx;53;F;0.045891;-1;-1;-1;29685896.000000;27305575.000000;2380321.000000;11368743152.000000;11371123473.000000
fl2010.mtx;54;S;2.666152;3;232;89;-1.000000;-1.000000;-1.000000;-1.000000;-1.000000
fl2010.mtx;55;F;0.046208;-1;-1;-1;6562256.000000;6055858.000000;506398.000000;11371123473.000000;11371629871.000000
fl2010.mtx;56;S;2.660996;3;95;33;-1.000000;-1.000000;-1.000000;-1.000000;-1.000000
fl2010.mtx;57;F;0.044520;-1;-1;-1;4035676.000000;3873006.000000;162670.000000;11371629871.000000;11371792541.000000
fl2010.mtx;58;S;2.653824;3;12;6;-1.000000;-1.000000;-1.000000;-1.000000;-1.000000
fl2010.mtx;59;F;0.044675;-1;-1;-1;871026.000000;838025.000000;33001.000000;11371792541.000000;11371825542.000000
fl2010.mtx;60;S;0.168805;1;4943;2238;-1.000000;-1.000000;-1.000000;-1.000000;-1.000000
fl2010.mtx;61;F;0.056947;-1;-1;-1;34674174.000000;15336875.000000;19337299.000000;11371825542.000000;11391162841.000000
fl2010.mtx;62;S;0.157502;1;144;68;-1.000000;-1.000000;-1.000000;-1.000000;-1.000000
fl2010.mtx;63;F;0.042523;-1;-1;-1;861369.000000;487610.000000;373759.000000;11391162841.000000;11391536600.000000
fl2010.mtx;64;S;1.741949;2;1270;438;-1.000000;-1.000000;-1.000000;-1.000000;-1.000000
fl2010.mtx;65;F;0.048751;-1;-1;-1;23085657.000000;20891705.000000;2193952.000000;11391536600.000000;11393730552.000000
fl2010.mtx;66;S;1.740494;2;48;19;-1.000000;-1.000000;-1.000000;-1.000000;-1.000000
fl2010.mtx;67;F;0.044639;-1;-1;-1;867189.000000;810629.000000;56560.000000;11393730552.000000;11393787112.000000
fl2010.mtx;68;S;1.716705;2;2;1;-1.000000;-1.000000;-1.000000;-1.000000;-1.000000
fl2010.mtx;69;F;0.042353;-1;-1;-1;19625.000000;15264.000000;4361.000000;11393787112.000000;11393791473.000000
fl2010.mtx;70;S;2.684576;3;156;69;-1.000000;-1.000000;-1.000000;-1.000000;-1.000000
fl2010.mtx;71;F;0.046659;-1;-1;-1;5491521.000000;5160859.000000;330662.000000;11393791473.000000;11394122135.000000
fl2010.mtx;72;S;2.710210;3;28;12;-1.000000;-1.000000;-1.000000;-1.000000;-1.000000
fl2010.mtx;73;F;0.045118;-1;-1;-1;957728.000000;894639.000000;63089.000000;11394122135.000000;11394185224.000000
fl2010.mtx;74;S;2.704729;3;4;2;-1.000000;-1.000000;-1.000000;-1.000000;-1.000000
fl2010.mtx;75;F;0.043456;-1;-1;-1;84792.000000;72862.000000;11930.000000;11394185224.000000;11394197154.000000
fl2010.mtx;76;S;0.160571;1;25;12;-1.000000;-1.000000;-1.000000;-1.000000;-1.000000
fl2010.mtx;77;F;0.043180;-1;-1;-1;205446.000000;157972.000000;47474.000000;11394197154.000000;11394244628.000000
fl2010.mtx;78;S;1.742698;2;12;5;-1.000000;-1.000000;-1.000000;-1.000000;-1.000000
fl2010.mtx;79;F;0.045723;-1;-1;-1;230858.000000;223043.000000;7815.000000;11394244628.000000;11394252443.000000
fl2010.mtx;80;S;1.770336;2;2;1;-1.000000;-1.000000;-1.000000;-1.000000;-1.000000
fl2010.mtx;81;F;0.043434;-1;-1;-1;19559.000000;14810.000000;4749.000000;11394252443.000000;11394257192.000000
fl2010.mtx;82;S;2.674450;3;4;1;-1.000000;-1.000000;-1.000000;-1.000000;-1.000000
fl2010.mtx;83;F;0.042203;-1;-1;-1;54494.000000;41639.000000;12855.000000;11394257192.000000;11394270047.000000
hi2010.mtx;0;S;0.021183;1;25016;3258;-1.000000;-1.000000;-1.000000;-1.000000;0.000000
hi2010.mtx;1;F;0.001996;-1;-1;-1;450385839.000000;0.000000;450385839.000000;0.000000;450385839.000000
hi2010.mtx;2;S;0.016921;1;17729;2982;-1.000000;-1.000000;-1.000000;-1.000000;-1.000000
hi2010.mtx;3;F;0.003089;-1;-1;-1;225510391.000000;0.000000;225510391.000000;450385839.000000;675896230.000000
hi2010.mtx;4;S;0.014717;1;10070;2122;-1.000000;-1.000000;-1.000000;-1.000000;-1.000000
hi2010.mtx;5;F;0.003195;-1;-1;-1;94654338.000000;0.000000;94654338.000000;675896230.000000;770550568.000000
hi2010.mtx;6;S;0.011135;1;4460;1132;-1.000000;-1.000000;-1.000000;-1.000000;-1.000000
hi2010.mtx;7;F;0.002809;-1;-1;-1;32481522.000000;0.000000;32481522.000000;770550568.000000;803032090.000000
hi2010.mtx;8;S;0.007739;1;1542;430;-1.000000;-1.000000;-1.000000;-1.000000;-1.000000
hi2010.mtx;9;F;0.002366;-1;-1;-1;8408559.000000;0.000000;8408559.000000;803032090.000000;811440649.000000
hi2010.mtx;10;S;0.005975;1;467;147;-1.000000;-1.000000;-1.000000;-1.000000;-1.000000
hi2010.mtx;11;F;0.002054;-1;-1;-1;2185691.000000;0.000000;2185691.000000;811440649.000000;813626340.000000
hi2010.mtx;12;S;0.005626;1;98;35;-1.000000;-1.000000;-1.000000;-1.000000;-1.000000
hi2010.mtx;13;F;0.002045;-1;-1;-1;574505.000000;0.000000;574505.000000;813626340.000000;814200845.000000
hi2010.mtx;14;S;0.005534;1;6;2;-1.000000;-1.000000;-1.000000;-1.000000;-1.000000
hi2010.mtx;15;F;0.001997;-1;-1;-1;50911.000000;0.000000;50911.000000;814200845.000000;814251756.000000
hi2010.mtx;16;S;0.005569;1;2;1;-1.000000;-1.000000;-1.000000;-1.000000;-1.000000
hi2010.mtx;17;F;0.002056;-1;-1;-1;5281.000000;0.000000;5281.000000;814251756.000000;814257037.000000
hi2010.mtx;18;S;0.095018;2;2806;943;-1.000000;-1.000000;-1.000000;-1.000000;-1.000000
hi2010.mtx;19;F;0.004041;-1;-1;-1;126825888.000000;105902532.000000;20923356.000000;814257037.000000;835180393.000000
hi2010.mtx;20;S;0.085123;2;676;231;-1.000000;-1.000000;-1.000000;-1.000000;-1.000000
hi2010.mtx;21;F;0.002572;-1;-1;-1;19476662.000000;16100578.000000;3376084.000000;835180393.000000;838556477.000000
hi2010.mtx;22;S;0.093704;2;188;74;-1.000000;-1.000000;-1.000000;-1.000000;-1.000000
hi2010.mtx;23;F;0.012259;-1;-1;-1;4999523.000000;4297284.000000;702239.000000;838556477.000000;839258716.000000
hi2010.mtx;24;S;0.080204;2;52;17;-1.000000;-1.000000;-1.000000;-1.000000;-1.000000
hi2010.mtx;25;F;0.002065;-1;-1;-1;1491763.000000;1324661.000000;167102.000000;839258716.000000;839425818.000000
hi2010.mtx;26;S;0.079499;2;10;4;-1.000000;-1.000000;-1.000000;-1.000000;-1.000000
hi2010.mtx;27;F;0.002019;-1;-1;-1;230269.000000;194042.000000;36227.000000;839425818.000000;839462045.000000
hi2010.mtx;28;S;0.078668;2;2;1;-1.000000;-1.000000;-1.000000;-1.000000;-1.000000
hi2010.mtx;29;F;0.002047;-1;-1;-1;15666.000000;15372.000000;294.000000;839462045.000000;839462339.000000
hi2010.mtx;30;S;0.080201;2;4;1;-1.000000;-1.000000;-1.000000;-1.000000;-1.000000
hi2010.mtx;31;F;0.001968;-1;-1;-1;16033.000000;15953.000000;80.000000;839462339.000000;839462419.000000
hi2010.mtx;32;S;0.133408;3;530;218;-1.000000;-1.000000;-1.000000;-1.000000;-1.000000
hi2010.mtx;33;F;0.002849;-1;-1;-1;41670234.000000;39101379.000000;2568855.000000;839462419.000000;842031274.000000
hi2010.mtx;34;S;0.135533;3;176;53;-1.000000;-1.000000;-1.000000;-1.000000;-1.000000
hi2010.mtx;35;F;0.002463;-1;-1;-1;7592708.000000;6967462.000000;625246.000000;842031274.000000;842656520.000000
hi2010.mtx;36;S;0.130536;3;54;17;-1.000000;-1.000000;-1.000000;-1.000000;-1.000000
hi2010.mtx;37;F;0.002109;-1;-1;-1;1814956.000000;1611667.000000;203289.000000;842656520.000000;842859809.000000
hi2010.mtx;38;S;0.131112;3;12;4;-1.000000;-1.000000;-1.000000;-1.000000;-1.000000
hi2010.mtx;39;F;0.002136;-1;-1;-1;1070749.000000;1011021.000000;59728.000000;842859809.000000;842919537.000000
hi2010.mtx;40;S;0.007945;1;274;117;-1.000000;-1.000000;-1.000000;-1.000000;-1.000000
hi2010.mtx;41;F;0.002306;-1;-1;-1;2194129.000000;770576.000000;1423553.000000;842919537.000000;844343090.000000
hi2010.mtx;42;S;0.005464;1;14;6;-1.000000;-1.000000;-1.000000;-1.000000;-1.000000
hi2010.mtx;43;F;0.002202;-1;-1;-1;37870.000000;21027.000000;16843.000000;844343090.000000;844359933.000000
hi2010.mtx;44;S;0.082691;2;76;26;-1.000000;-1.000000;-1.000000;-1.000000;-1.000000
hi2010.mtx;45;F;0.002097;-1;-1;-1;1302014.000000;1200215.000000;101799.000000;844359933.000000;844461732.000000
hi2010.mtx;46;S;0.132007;3;8;4;-1.000000;-1.000000;-1.000000;-1.000000;-1.000000
hi2010.mtx;47;F;0.002109;-1;-1;-1;239370.000000;234794.000000;4576.000000;844461732.000000;844466308.000000
hi2010.mtx;48;S;0.132647;3;4;2;-1.000000;-1.000000;-1.000000;-1.000000;-1.000000
hi2010.mtx;49;F;0.002302;-1;-1;-1;100961.000000;77380.000000;23581.000000;844466308.000000;844489889.000000
hi2010.mtx;50;S;0.008304;1;2;1;-1.000000;-1.000000;-1.000000;-1.000000;-1.000000
hi2010.mtx;51;F;0.002047;-1;-1;-1;10030.000000;9718.000000;312.000000;844489889.000000;844490201.000000
astro-ph.mtx;0;S;0.024372;1;16046;3163;-1.000000;-1.000000;-1.000000;-1.000000;0.000000
astro-ph.mtx;1;F;0.001821;-1;-1;-1;4642.740451;0.000000;4642.740451;0.000000;4642.740451
astro-ph.mtx;2;S;0.018888;1;8545;1426;-1.000000;-1.000000;-1.000000;-1.000000;-1.000000
astro-ph.mtx;3;F;0.002079;-1;-1;-1;1093.184846;0.000000;1093.184846;4642.740451;5735.925297
astro-ph.mtx;4;S;0.015984;1;4899;789;-1.000000;-1.000000;-1.000000;-1.000000;-1.000000
astro-ph.mtx;5;F;0.002072;-1;-1;-1;357.348656;0.000000;357.348656;5735.925297;6093.273953
astro-ph.mtx;6;S;0.013909;1;2911;431;-1.000000;-1.000000;-1.000000;-1.000000;-1.000000
astro-ph.mtx;7;F;0.001672;-1;-1;-1;123.308369;0.000000;123.308369;6093.273953;6216.582322
astro-ph.mtx;8;S;0.011853;1;1848;256;-1.000000;-1.000000;-1.000000;-1.000000;-1.000000
astro-ph.mtx;9;F;0.001515;-1;-1;-1;50.007952;0.000000;50.007952;6216.582322;6266.590274
astro-ph.mtx;10;S;0.011047;1;1219;165;-1.000000;-1.000000;-1.000000;-1.000000;-1.000000
astro-ph.mtx;11;F;0.001477;-1;-1;-1;22.705666;0.000000;22.705666;6266.590274;6289.295940
astro-ph.mtx;12;S;0.009892;1;818;102;-1.000000;-1.000000;-1.000000;-1.000000;-1.000000
astro-ph.mtx;13;F;0.001538;-1;-1;-1;13.278949;0.000000;13.278949;6289.295940;6302.574889
astro-ph.mtx;14;S;0.009576;1;588;59;-1.000000;-1.000000;-1.000000;-1.000000;-1.000000
astro-ph.mtx;15;F;0.001674;-1;-1;-1;6.746800;0.000000;6.746800;6302.574889;6309.321688
astro-ph.mtx;16;S;0.008909;1;446;37;-1.000000;-1.000000;-1.000000;-1.000000;-1.000000
astro-ph.mtx;17;F;0.001619;-1;-1;-1;4.558529;0.000000;4.558529;6309.321688;6313.880217
astro-ph.mtx;18;S;0.007556;1;358;32;-1.000000;-1.000000;-1.000000;-1.000000;-1.000000
astro-ph.mtx;19;F;0.001462;-1;-1;-1;3.480550;0.000000;3.480550;6313.880217;6317.360767
astro-ph.mtx;20;S;0.007863;1;285;32;-1.000000;-1.000000;-1.000000;-1.000000;-1.000000
astro-ph.mtx;21;F;0.001491;-1;-1;-1;2.665921;0.000000;2.665921;6317.360767;6320.026688
astro-ph.mtx;22;S;0.007460;1;212;25;-1.000000;-1.000000;-1.000000;-1.000000;-1.000000
astro-ph.mtx;23;F;0.001551;-1;-1;-1;1.473575;0.000000;1.473575;6320.026688;6321.500263
astro-ph.mtx;24;S;0.007552;1;158;14;-1.000000;-1.000000;-1.000000;-1.000000;-1.000000
astro-ph.mtx;25;F;0.001357;-1;-1;-1;0.652427;0.000000;0.652427;6321.500263;6322.152691
astro-ph.mtx;26;S;0.007599;1;130;11;-1.000000;-1.000000;-1.000000;-1.000000;-1.000000
astro-ph.mtx;27;F;0.001574;-1;-1;-1;0.553159;0.000000;0.553159;6322.152691;6322.705849
astro-ph.mtx;28;S;0.007369;1;107;9;-1.000000;-1.000000;-1.000000;-1.000000;-1.000000
astro-ph.mtx;29;F;0.001431;-1;-1;-1;0.476137;0.000000;0.476137;6322.705849;6323.181986
astro-ph.mtx;30;S;0.007463;1;88;9;-1.000000;-1.000000;-1.000000;-1.000000;-1.000000
astro-ph.mtx;31;F;0.001364;-1;-1;-1;0.666299;0.000000;0.666299;6323.181986;6323.848285
astro-ph.mtx;32;S;0.007369;1;69;8;-1.000000;-1.000000;-1.000000;-1.000000;-1.000000
astro-ph.mtx;33;F;0.001361;-1;-1;-1;0.664764;0.000000;0.664764;6323.848285;6324.513049
astro-ph.mtx;34;S;0.007504;1;50;8;-1.000000;-1.000000;-1.000000;-1.000000;-1.000000
astro-ph.mtx;35;F;0.001394;-1;-1;-1;0.420856;0.000000;0.420856;6324.513049;6324.933905
astro-ph.mtx;36;S;0.007238;1;31;5;-1.000000;-1.000000;-1.000000;-1.000000;-1.000000
astro-ph.mtx;37;F;0.001344;-1;-1;-1;0.145215;0.000000;0.145215;6324.933905;6325.079120
astro-ph.mtx;38;S;0.007503;1;20;3;-1.000000;-1.000000;-1.000000;-1.000000;-1.000000
astro-ph.mtx;39;F;0.001393;-1;-1;-1;0.090418;0.000000;0.090418;6325.079120;6325.169538
astro-ph.mtx;40;S;0.007311;1;13;3;-1.000000;-1.000000;-1.000000;-1.000000;-1.000000
astro-ph.mtx;41;F;0.001337;-1;-1;-1;0.094189;0.000000;0.094189;6325.169538;6325.263727
astro-ph.mtx;42;S;0.007548;1;7;2;-1.000000;-1.000000;-1.000000;-1.000000;-1.000000
astro-ph.mtx;43;F;0.001415;-1;-1;-1;0.051957;0.000000;0.051957;6325.263727;6325.315684
astro-ph.mtx;44;S;0.007430;1;3;1;-1.000000;-1.000000;-1.000000;-1.000000;-1.000000
astro-ph.mtx;45;F;0.001359;-1;-1;-1;0.026316;0.000000;0.026316;6325.315684;6325.342000
astro-ph.mtx;46;S;0.102317;2;958;349;-1.000000;-1.000000;-1.000000;-1.000000;-1.000000
astro-ph.mtx;47;F;0.001965;-1;-1;-1;632.160249;538.227902;93.932347;6325.342000;6419.274347
astro-ph.mtx;48;S;0.102075;2;512;94;-1.000000;-1.000000;-1.000000;-1.000000;-1.000000
astro-ph.mtx;49;F;0.001771;-1;-1;-1;104.378608;91.802723;12.575885;6419.274347;6431.850232
astro-ph.mtx;50;S;0.100083;2;190;42;-1.000000;-1.000000;-1.000000;-1.000000;-1.000000
astro-ph.mtx;51;F;0.001553;-1;-1;-1;20.049387;15.564093;4.485294;6431.850232;6436.335526
astro-ph.mtx;52;S;0.097549;2;48;15;-1.000000;-1.000000;-1.000000;-1.000000;-1.000000
astro-ph.mtx;53;F;0.001686;-1;-1;-1;7.308400;6.262318;1.046082;6436.335526;6437.381608
astro-ph.mtx;54;S;0.097541;2;24;4;-1.000000;-1.000000;-1.000000;-1.000000;-1.000000
astro-ph.mtx;55;F;0.001422;-1;-1;-1;0.471144;0.314078;0.157065;6437.381608;6437.538673
astro-ph.mtx;56;S;0.096338;2;2;1;-1.000000;-1.000000;-1.000000;-1.000000;-1.000000
astro-ph.mtx;57;F;0.001685;-1;-1;-1;0.278788;0.255711;0.023077;6437.538673;6437.561750
astro-ph.mtx;58;S;0.132689;3;190;78;-1.000000;-1.000000;-1.000000;-1.000000;-1.000000
astro-ph.mtx;59;F;0.001720;-1;-1;-1;168.625611;157.841235;10.784376;6437.561750;6448.346126
astro-ph.mtx;60;S;0.135251;3;307;26;-1.000000;-1.000000;-1.000000;-1.000000;-1.000000
astro-ph.mtx;61;F;0.001584;-1;-1;-1;27.698195;25.317396;2.380799;6448.346126;6450.726926
astro-ph.mtx;62;S;0.133252;3;36;13;-1.000000;-1.000000;-1.000000;-1.000000;-1.000000
astro-ph.mtx;63;F;0.001501;-1;-1;-1;11.753366;11.007101;0.746265;6450.726926;6451.473190
astro-ph.mtx;64;S;0.132540;3;9;2;-1.000000;-1.000000;-1.000000;-1.000000;-1.000000
astro-ph.mtx;65;F;0.001405;-1;-1;-1;2.015152;1.815152;0.200000;6451.473190;6451.673190
astro-ph.mtx;66;S;0.132831;3;6;2;-1.000000;-1.000000;-1.000000;-1.000000;-1.000000
astro-ph.mtx;67;F;0.001533;-1;-1;-1;2.524243;2.431819;0.092424;6451.673190;6451.765614
astro-ph.mtx;68;S;0.012946;1;44;21;-1.000000;-1.000000;-1.000000;-1.000000;-1.000000
astro-ph.mtx;69;F;0.001587;-1;-1;-1;5.106120;1.353968;3.752152;6451.765614;6455.517766
astro-ph.mtx;70;S;0.099433;2;28;8;-1.000000;-1.000000;-1.000000;-1.000000;-1.000000
astro-ph.mtx;71;F;0.001412;-1;-1;-1;6.078922;5.835539;0.243383;6455.517766;6455.761149
tx2010.mtx;0;S;0.735177;1;914231;127747;-1.000000;-1.000000;-1.000000;-1.000000;0.000000
tx2010.mtx;1;F;0.081896;-1;-1;-1;16595625638.000000;0.000000;16595625638.000000;0.000000;16595625638.000000
tx2010.mtx;2;S;0.752350;1;626301;118355;-1.000000;-1.000000;-1.000000;-1.000000;-1.000000
tx2010.mtx;3;F;0.127230;-1;-1;-1;8004225633.000000;0.000000;8004225633.000000;16595625638.000000;24599851271.000000
tx2010.mtx;4;S;0.657006;1;327135;78109;-1.000000;-1.000000;-1.000000;-1.000000;-1.000000
tx2010.mtx;5;F;0.124556;-1;-1;-1;3174093188.000000;0.000000;3174093188.000000;24599851271.000000;27773944459.000000
tx2010.mtx;6;S;0.504978;1;126584;35233;-1.000000;-1.000000;-1.000000;-1.000000;-1.000000
tx2010.mtx;7;F;0.115221;-1;-1;-1;904256629.000000;0.000000;904256629.000000;27773944459.000000;28678201088.000000
tx2010.mtx;8;S;0.350401;1;38684;11560;-1.000000;-1.000000;-1.000000;-1.000000;-1.000000
tx2010.mtx;9;F;0.114489;-1;-1;-1;200981199.000000;0.000000;200981199.000000;28678201088.000000;28879182287.000000
tx2010.mtx;10;S;0.339257;1;10391;3158;-1.000000;-1.000000;-1.000000;-1.000000;-1.000000
tx2010.mtx;11;F;0.114563;-1;-1;-1;40864408.000000;0.000000;40864408.000000;28879182287.000000;28920046695.000000
tx2010.mtx;12;S;0.325286;1;2815;830;-1.000000;-1.000000;-1.000000;-1.000000;-1.000000
tx2010.mtx;13;F;0.090987;-1;-1;-1;9468683.000000;0.000000;9468683.000000;28920046695.000000;28929515378.000000
tx2010.mtx;14;S;0.265153;1;828;236;-1.000000;-1.000000;-1.000000;-1.000000;-1.000000
tx2010.mtx;15;F;0.086134;-1;-1;-1;2318499.000000;0.000000;2318499.000000;28929515378.000000;28931833877.000000
tx2010.mtx;16;S;0.236147;1;269;72;-1.000000;-1.000000;-1.000000;-1.000000;-1.000000
tx2010.mtx;17;F;0.085289;-1;-1;-1;734560.000000;0.000000;734560.000000;28931833877.000000;28932568437.000000
tx2010.mtx;18;S;0.237227;1;100;24;-1.000000;-1.000000;-1.000000;-1.000000;-1.000000
tx2010.mtx;19;F;0.084176;-1;-1;-1;239101.000000;0.000000;239101.000000;28932568437.000000;28932807538.000000
tx2010.mtx;20;S;0.234233;1;43;8;-1.000000;-1.000000;-1.000000;-1.000000;-1.000000
tx2010.mtx;21;F;0.084355;-1;-1;-1;78920.000000;0.000000;78920.000000;28932807538.000000;28932886458.000000
tx2010.mtx;22;S;0.235128;1;23;4;-1.000000;-1.000000;-1.000000;-1.000000;-1.000000
tx2010.mtx;23;F;0.084935;-1;-1;-1;53999.000000;0.000000;53999.000000;28932886458.000000;28932940457.000000
tx2010.mtx;24;S;0.249324;1;14;3;-1.000000;-1.000000;-1.000000;-1.000000;-1.000000
tx2010.mtx;25;F;0.083927;-1;-1;-1;38026.000000;0.000000;38026.000000;28932940457.000000;28932978483.000000
tx2010.mtx;26;S;0.235477;1;7;1;-1.000000;-1.000000;-1.000000;-1.000000;-1.000000
tx2010.mtx;27;F;0.085424;-1;-1;-1;14450.000000;0.000000;14450.000000;28932978483.000000;28932992933.000000
tx2010.mtx;28;S;0.234378;1;5;1;-1.000000;-1.000000;-1.000000;-1.000000;-1.000000
tx2010.mtx;29;F;0.085691;-1;-1;-1;14400.000000;0.000000;14400.000000;28932992933.000000;28933007333.000000
tx2010.mtx;30;S;0.240910;1;3;1;-1.000000;-1.000000;-1.000000;-1.000000;-1.000000
tx2010.mtx;31;F;0.084474;-1;-1;-1;14370.000000;0.000000;14370.000000;28933007333.000000;28933021703.000000
tx2010.mtx;32;S;4.092122;2;112058;34083;-1.000000;-1.000000;-1.000000;-1.000000;-1.000000
tx2010.mtx;33;F;0.183922;-1;-1;-1;4499311559.000000;3680418169.000000;818893390.000000;28933021703.000000;29751915093.000000
tx2010.mtx;34;S;3.584342;2;25986;9191;-1.000000;-1.000000;-1.000000;-1.000000;-1.000000
tx2010.mtx;35;F;0.133611;-1;-1;-1;989918243.000000;863310023.000000;126608220.000000;29751915093.000000;29878523313.000000
tx2010.mtx;36;S;3.493070;2;7810;2821;-1.000000;-1.000000;-1.000000;-1.000000;-1.000000
tx2010.mtx;37;F;0.118100;-1;-1;-1;253937609.000000;220719524.000000;33218085.000000;29878523313.000000;29911741398.000000
tx2010.mtx;38;S;3.490163;2;2112;772;-1.000000;-1.000000;-1.000000;-1.000000;-1.000000
tx2010.mtx;39;F;0.090824;-1;-1;-1;57745906.000000;50201549.000000;7544357.000000;29911741398.000000;29919285755.000000
tx2010.mtx;40;S;3.455291;2;554;200;-1.000000;-1.000000;-1.000000;-1.000000;-1.000000
tx2010.mtx;41;F;0.089374;-1;-1;-1;13210358.000000;11549807.000000;1660551.000000;29919285755.000000;29920946306.000000
tx2010.mtx;42;S;3.371481;2;126;41;-1.000000;-1.000000;-1.000000;-1.000000;-1.000000
tx2010.mtx;43;F;0.098397;-1;-1;-1;2107726.000000;1811052.000000;296674.000000;29920946306.000000;29921242980.000000
tx2010.mtx;44;S;3.424840;2;32;10;-1.000000;-1.000000;-1.000000;-1.000000;-1.000000
tx2010.mtx;45;F;0.087183;-1;-1;-1;366522.000000;324907.000000;41615.000000;29921242980.000000;29921284595.000000
tx2010.mtx;46;S;3.494511;2;12;4;-1.000000;-1.000000;-1.000000;-1.000000;-1.000000
tx2010.mtx;47;F;0.083507;-1;-1;-1;269120.000000;216623.000000;52497.000000;29921284595.000000;29921337092.000000
tx2010.mtx;48;S;3.403630;2;4;2;-1.000000;-1.000000;-1.000000;-1.000000;-1.000000
tx2010.mtx;49;F;0.084118;-1;-1;-1;66902.000000;65087.000000;1815.000000;29921337092.000000;29921338907.000000
tx2010.mtx;50;S;5.778240;3;22767;8713;-1.000000;-1.000000;-1.000000;-1.000000;-1.000000
tx2010.mtx;51;F;0.140249;-1;-1;-1;1680436215.000000;1570694044.000000;109742171.000000;29921338907.000000;30031081078.000000
tx2010.mtx;52;S;5.556500;3;6241;2233;-1.000000;-1.000000;-1.000000;-1.000000;-1.000000
tx2010.mtx;53;F;0.115828;-1;-1;-1;332390807.000000;308089111.000000;24301696.000000;30031081078.000000;30055382774.000000
tx2010.mtx;54;S;5.539134;3;1960;708;-1.000000;-1.000000;-1.000000;-1.000000;-1.000000
tx2010.mtx;55;F;0.096854;-1;-1;-1;89568958.000000;83400127.000000;6168831.000000;30055382774.000000;30061551605.000000
tx2010.mtx;56;S;5.367479;3;615;220;-1.000000;-1.000000;-1.000000;-1.000000;-1.000000
tx2010.mtx;57;F;0.092152;-1;-1;-1;20864596.000000;19439301.000000;1425295.000000;30061551605.000000;30062976900.000000
tx2010.mtx;58;S;5.382398;3;183;63;-1.000000;-1.000000;-1.000000;-1.000000;-1.000000
tx2010.mtx;59;F;0.091017;-1;-1;-1;6029641.000000;5699297.000000;330344.000000;30062976900.000000;30063307244.000000
tx2010.mtx;60;S;5.335280;3;66;22;-1.000000;-1.000000;-1.000000;-1.000000;-1.000000
tx2010.mtx;61;F;0.102860;-1;-1;-1;1071606.000000;982567.000000;89039.000000;30063307244.000000;30063396283.000000
tx2010.mtx;62;S;5.347043;3;12;5;-1.000000;-1.000000;-1.000000;-1.000000;-1.000000
tx2010.mtx;63;F;0.089190;-1;-1;-1;188413.000000;183282.000000;5131.000000;30063396283.000000;30063401414.000000
tx2010.mtx;64;S;5.476365;3;6;3;-1.000000;-1.000000;-1.000000;-1.000000;-1.000000
tx2010.mtx;65;F;0.088697;-1;-1;-1;107854.000000;97166.000000;10688.000000;30063401414.000000;30063412102.000000
tx2010.mtx;66;S;5.470569;3;2;1;-1.000000;-1.000000;-1.000000;-1.000000;-1.000000
tx2010.mtx;67;F;0.087729;-1;-1;-1;28518.000000;27150.000000;1368.000000;30063412102.000000;30063413470.000000
tx2010.mtx;68;S;0.387197;1;11730;5275;-1.000000;-1.000000;-1.000000;-1.000000;-1.000000
tx2010.mtx;69;F;0.119109;-1;-1;-1;96285298.000000;36536536.000000;59748762.000000;30063413470.000000;30123162232.000000
tx2010.mtx;70;S;0.313096;1;308;146;-1.000000;-1.000000;-1.000000;-1.000000;-1.000000
tx2010.mtx;71;F;0.084004;-1;-1;-1;1790222.000000;1093841.000000;696381.000000;30123162232.000000;30123858613.000000
tx2010.mtx;72;S;0.234824;1;2;1;-1.000000;-1.000000;-1.000000;-1.000000;-1.000000
tx2010.mtx;73;F;0.081930;-1;-1;-1;10653.000000;9684.000000;969.000000;30123858613.000000;30123859582.000000
tx2010.mtx;74;S;3.494065;2;2642;937;-1.000000;-1.000000;-1.000000;-1.000000;-1.000000
tx2010.mtx;75;F;0.092968;-1;-1;-1;78480772.000000;72674871.000000;5805901.000000;30123859582.000000;30129665483.000000
tx2010.mtx;76;S;3.388862;2;106;41;-1.000000;-1.000000;-1.000000;-1.000000;-1.000000
tx2010.mtx;77;F;0.088134;-1;-1;-1;2604421.000000;2265814.000000;338607.000000;30129665483.000000;30130004090.000000
tx2010.mtx;78;S;3.397468;2;4;2;-1.000000;-1.000000;-1.000000;-1.000000;-1.000000
tx2010.mtx;79;F;0.085170;-1;-1;-1;62994.000000;59544.000000;3450.000000;30130004090.000000;30130007540.000000
tx2010.mtx;80;S;5.837182;3;311;138;-1.000000;-1.000000;-1.000000;-1.000000;-1.000000
tx2010.mtx;81;F;0.091043;-1;-1;-1;17391381.000000;16483105.000000;908276.000000;30130007540.000000;30130915816.000000
tx2010.mtx;82;S;5.568335;3;53;19;-1.000000;-1.000000;-1.000000;-1.000000;-1.000000
tx2010.mtx;83;F;0.092668;-1;-1;-1;2138070.000000;2035050.000000;103020.000000;30130915816.000000;30131018836.000000
tx2010.mtx;84;S;5.516207;3;7;3;-1.000000;-1.000000;-1.000000;-1.000000;-1.000000
tx2010.mtx;85;F;0.091595;-1;-1;-1;487010.000000;400575.000000;86435.000000;30131018836.000000;30131105271.000000
tx2010.mtx;86;S;0.331881;1;54;24;-1.000000;-1.000000;-1.000000;-1.000000;-1.000000
tx2010.mtx;87;F;0.087271;-1;-1;-1;409425.000000;186751.000000;222674.000000;30131105271.000000;30131327945.000000
tx2010.mtx;88;S;0.224413;1;2;1;-1.000000;-1.000000;-1.000000;-1.000000;-1.000000
tx2010.mtx;89;F;0.080609;-1;-1;-1;9670.000000;9521.000000;149.000000;30131327945.000000;30131328094.000000
tx2010.mtx;90;S;3.609972;2;32;9;-1.000000;-1.000000;-1.000000;-1.000000;-1.000000
tx2010.mtx;91;F;0.089128;-1;-1;-1;551279.000000;522019.000000;29260.000000;30131328094.000000;30131357354.000000
tx2010.mtx;92;S;5.681273;3;6;2;-1.000000;-1.000000;-1.000000;-1.000000;-1.000000
tx2010.mtx;93;F;0.088710;-1;-1;-1;136864.000000;126771.000000;10093.000000;30131357354.000000;30131367447.000000
har_10NN.mtx;0;S;0.019021;1;10299;3051;-1.000000;-1.000000;-1.000000;-1.000000;0.000000
har_10NN.mtx;1;F;0.001326;-1;-1;-1;359.252501;0.000000;359.252501;0.000000;359.252501
har_10NN.mtx;2;S;0.007723;1;4192;1036;-1.000000;-1.000000;-1.000000;-1.000000;-1.000000
har_10NN.mtx;3;F;0.001388;-1;-1;-1;55.393143;0.000000;55.393143;359.252501;414.645645
har_10NN.mtx;4;S;0.007530;1;1930;479;-1.000000;-1.000000;-1.000000;-1.000000;-1.000000
har_10NN.mtx;5;F;0.001361;-1;-1;-1;16.368677;0.000000;16.368677;414.645645;431.014321
har_10NN.mtx;6;S;0.006113;1;714;188;-1.000000;-1.000000;-1.000000;-1.000000;-1.000000
har_10NN.mtx;7;F;0.000892;-1;-1;-1;4.766098;0.000000;4.766098;431.014321;435.780420
har_10NN.mtx;8;S;0.005095;1;212;67;-1.000000;-1.000000;-1.000000;-1.000000;-1.000000
har_10NN.mtx;9;F;0.000817;-1;-1;-1;1.450219;0.000000;1.450219;435.780420;437.230639
har_10NN.mtx;10;S;0.004248;1;46;18;-1.000000;-1.000000;-1.000000;-1.000000;-1.000000
har_10NN.mtx;11;F;0.000792;-1;-1;-1;0.347177;0.000000;0.347177;437.230639;437.577816
har_10NN.mtx;12;S;0.004033;1;5;2;-1.000000;-1.000000;-1.000000;-1.000000;-1.000000
har_10NN.mtx;13;F;0.000828;-1;-1;-1;0.039674;0.000000;0.039674;437.577816;437.617490
har_10NN.mtx;14;S;0.059334;2;1324;270;-1.000000;-1.000000;-1.000000;-1.000000;-1.000000
har_10NN.mtx;15;F;0.001440;-1;-1;-1;28.383667;23.355176;5.028492;437.617490;442.645982
har_10NN.mtx;16;S;0.055526;2;390;95;-1.000000;-1.000000;-1.000000;-1.000000;-1.000000
har_10NN.mtx;17;F;0.001066;-1;-1;-1;7.503265;6.245277;1.257989;442.645982;443.903971
har_10NN.mtx;18;S;0.056049;2;132;38;-1.000000;-1.000000;-1.000000;-1.000000;-1.000000
har_10NN.mtx;19;F;0.000853;-1;-1;-1;2.988935;2.593423;0.395512;443.903971;444.299483
har_10NN.mtx;20;S;0.054750;2;52;18;-1.000000;-1.000000;-1.000000;-1.000000;-1.000000
har_10NN.mtx;21;F;0.000883;-1;-1;-1;1.208091;1.057924;0.150167;444.299483;444.449650
har_10NN.mtx;22;S;0.054905;2;10;4;-1.000000;-1.000000;-1.000000;-1.000000;-1.000000
har_10NN.mtx;23;F;0.000821;-1;-1;-1;0.358129;0.332383;0.025747;444.449650;444.475396
har_10NN.mtx;24;S;0.053475;2;4;1;-1.000000;-1.000000;-1.000000;-1.000000;-1.000000
har_10NN.mtx;25;F;0.000758;-1;-1;-1;0.052665;0.037812;0.014853;444.475396;444.490249
har_10NN.mtx;26;S;0.078797;3;233;57;-1.000000;-1.000000;-1.000000;-1.000000;-1.000000
har_10NN.mtx;27;F;0.000944;-1;-1;-1;6.942940;6.367152;0.575789;444.490249;445.066038
har_10NN.mtx;28;S;0.079373;3;105;29;-1.000000;-1.000000;-1.000000;-1.000000;-1.000000
har_10NN.mtx;29;F;0.000948;-1;-1;-1;2.854007;2.616091;0.237915;445.066038;445.303953
har_10NN.mtx;30;S;0.079828;3;54;14;-1.000000;-1.000000;-1.000000;-1.000000;-1.000000
har_10NN.mtx;31;F;0.000834;-1;-1;-1;1.345411;1.269666;0.075745;445.303953;445.379699
har_10NN.mtx;32;S;0.078878;3;39;10;-1.000000;-1.000000;-1.000000;-1.000000;-1.000000
har_10NN.mtx;33;F;0.000843;-1;-1;-1;1.063192;0.990962;0.072229;445.379699;445.451928
har_10NN.mtx;34;S;0.080668;3;11;3;-1.000000;-1.000000;-1.000000;-1.000000;-1.000000
har_10NN.mtx;35;F;0.000817;-1;-1;-1;0.261830;0.245433;0.016396;445.451928;445.468324
har_10NN.mtx;36;S;0.080442;3;8;3;-1.000000;-1.000000;-1.000000;-1.000000;-1.000000
har_10NN.mtx;37;F;0.000822;-1;-1;-1;0.353464;0.313292;0.040171;445.468324;445.508495
har_10NN.mtx;38;S;0.080063;3;2;1;-1.000000;-1.000000;-1.000000;-1.000000;-1.000000
har_10NN.mtx;39;F;0.000802;-1;-1;-1;0.093271;0.092329;0.000941;445.508495;445.509437
har_10NN.mtx;40;S;0.079041;3;7;1;-1.000000;-1.000000;-1.000000;-1.000000;-1.000000
har_10NN.mtx;41;F;0.000765;-1;-1;-1;0.066703;0.062319;0.004383;445.509437;445.513820
har_10NN.mtx;42;S;0.013385;1;12;6;-1.000000;-1.000000;-1.000000;-1.000000;-1.000000
har_10NN.mtx;43;F;0.002872;-1;-1;-1;0.134798;0.084351;0.050447;445.513820;445.564267
har_10NN.mtx;44;S;0.088029;2;24;8;-1.000000;-1.000000;-1.000000;-1.000000;-1.000000
har_10NN.mtx;45;F;0.000787;-1;-1;-1;0.655019;0.625989;0.029030;445.564267;445.593297
G22.mtx;0;S;0.004860;1;2000;57;-1.000000;-1.000000;-1.000000;-1.000000;0.000000
G22.mtx;1;F;0.000099;-1;-1;-1;57.000000;0.000000;57.000000;0.000000;57.000000
G22.mtx;2;S;0.003131;1;1886;47;-1.000000;-1.000000;-1.000000;-1.000000;-1.000000
G22.mtx;3;F;0.000112;-1;-1;-1;47.000000;0.000000;47.000000;57.000000;104.000000
G22.mtx;4;S;0.002961;1;1792;35;-1.000000;-1.000000;-1.000000;-1.000000;-1.000000
G22.mtx;5;F;0.000158;-1;-1;-1;35.000000;0.000000;35.000000;104.000000;139.000000
G22.mtx;6;S;0.002528;1;1722;38;-1.000000;-1.000000;-1.000000;-1.000000;-1.000000
G22.mtx;7;F;0.000169;-1;-1;-1;38.000000;0.000000;38.000000;139.000000;177.000000
G22.mtx;8;S;0.002708;1;1646;45;-1.000000;-1.000000;-1.000000;-1.000000;-1.000000
G22.mtx;9;F;0.000181;-1;-1;-1;45.000000;0.000000;45.000000;177.000000;222.000000
G22.mtx;10;S;0.002590;1;1556;40;-1.000000;-1.000000;-1.000000;-1.000000;-1.000000
G22.mtx;11;F;0.000176;-1;-1;-1;40.000000;0.000000;40.000000;222.000000;262.000000
G22.mtx;12;S;0.002374;1;1476;38;-1.000000;-1.000000;-1.000000;-1.000000;-1.000000
G22.mtx;13;F;0.000175;-1;-1;-1;38.000000;0.000000;38.000000;262.000000;300.000000
G22.mtx;14;S;0.002882;1;1400;30;-1.000000;-1.000000;-1.000000;-1.000000;-1.000000
G22.mtx;15;F;0.000171;-1;-1;-1;30.000000;0.000000;30.000000;300.000000;330.000000
G22.mtx;16;S;0.002528;1;1340;39;-1.000000;-1.000000;-1.000000;-1.000000;-1.000000
G22.mtx;17;F;0.000185;-1;-1;-1;39.000000;0.000000;39.000000;330.000000;369.000000
G22.mtx;18;S;0.002523;1;1262;44;-1.000000;-1.000000;-1.000000;-1.000000;-1.000000
G22.mtx;19;F;0.000187;-1;-1;-1;44.000000;0.000000;44.000000;369.000000;413.000000
G22.mtx;20;S;0.002276;1;1174;36;-1.000000;-1.000000;-1.000000;-1.000000;-1.000000
G22.mtx;21;F;0.000226;-1;-1;-1;36.000000;0.000000;36.000000;413.000000;449.000000
G22.mtx;22;S;0.002138;1;1102;35;-1.000000;-1.000000;-1.000000;-1.000000;-1.000000
G22.mtx;23;F;0.000181;-1;-1;-1;35.000000;0.000000;35.000000;449.000000;484.000000
G22.mtx;24;S;0.002044;1;1032;47;-1.000000;-1.000000;-1.000000;-1.000000;-1.000000
G22.mtx;25;F;0.000229;-1;-1;-1;47.000000;0.000000;47.000000;484.000000;531.000000
G22.mtx;26;S;0.002090;1;938;41;-1.000000;-1.000000;-1.000000;-1.000000;-1.000000
G22.mtx;27;F;0.000199;-1;-1;-1;41.000000;0.000000;41.000000;531.000000;572.000000
G22.mtx;28;S;0.001918;1;855;39;-1.000000;-1.000000;-1.000000;-1.000000;-1.000000
G22.mtx;29;F;0.000191;-1;-1;-1;39.000000;0.000000;39.000000;572.000000;611.000000
G22.mtx;30;S;0.001859;1;777;39;-1.000000;-1.000000;-1.000000;-1.000000;-1.000000
G22.mtx;31;F;0.000185;-1;-1;-1;39.000000;0.000000;39.000000;611.000000;650.000000
G22.mtx;32;S;0.001684;1;698;29;-1.000000;-1.000000;-1.000000;-1.000000;-1.000000
G22.mtx;33;F;0.000185;-1;-1;-1;29.000000;0.000000;29.000000;650.000000;679.000000
G22.mtx;34;S;0.001634;1;639;36;-1.000000;-1.000000;-1.000000;-1.000000;-1.000000
G22.mtx;35;F;0.000274;-1;-1;-1;36.000000;0.000000;36.000000;679.000000;715.000000
G22.mtx;36;S;0.001732;1;565;35;-1.000000;-1.000000;-1.000000;-1.000000;-1.000000
G22.mtx;37;F;0.000193;-1;-1;-1;35.000000;0.000000;35.000000;715.000000;750.000000
G22.mtx;38;S;0.001200;1;495;31;-1.000000;-1.000000;-1.000000;-1.000000;-1.000000
G22.mtx;39;F;0.000189;-1;-1;-1;31.000000;0.000000;31.000000;750.000000;781.000000
G22.mtx;40;S;0.001121;1;432;31;-1.000000;-1.000000;-1.000000;-1.000000;-1.000000
G22.mtx;41;F;0.000188;-1;-1;-1;31.000000;0.000000;31.000000;781.000000;812.000000
G22.mtx;42;S;0.001086;1;366;35;-1.000000;-1.000000;-1.000000;-1.000000;-1.000000
G22.mtx;43;F;0.000191;-1;-1;-1;35.000000;0.000000;35.000000;812.000000;847.000000
G22.mtx;44;S;0.001055;1;289;29;-1.000000;-1.000000;-1.000000;-1.000000;-1.000000
G22.mtx;45;F;0.000190;-1;-1;-1;29.000000;0.000000;29.000000;847.000000;876.000000
G22.mtx;46;S;0.001157;1;226;28;-1.000000;-1.000000;-1.000000;-1.000000;-1.000000
G22.mtx;47;F;0.000193;-1;-1;-1;28.000000;0.000000;28.000000;876.000000;904.000000
G22.mtx;48;S;0.001021;1;160;35;-1.000000;-1.000000;-1.000000;-1.000000;-1.000000
G22.mtx;49;F;0.000285;-1;-1;-1;35.000000;0.000000;35.000000;904.000000;939.000000
G22.mtx;50;S;0.000913;1;76;15;-1.000000;-1.000000;-1.000000;-1.000000;-1.000000
G22.mtx;51;F;0.000244;-1;-1;-1;15.000000;0.000000;15.000000;939.000000;954.000000
G22.mtx;52;S;0.000906;1;39;12;-1.000000;-1.000000;-1.000000;-1.000000;-1.000000
G22.mtx;53;F;0.000188;-1;-1;-1;12.000000;0.000000;12.000000;954.000000;966.000000
G22.mtx;54;S;0.000824;1;8;3;-1.000000;-1.000000;-1.000000;-1.000000;-1.000000
G22.mtx;55;F;0.000180;-1;-1;-1;3.000000;0.000000;3.000000;966.000000;969.000000
G22.mtx;56;S;0.012724;2;370;15;-1.000000;-1.000000;-1.000000;-1.000000;-1.000000
G22.mtx;57;F;0.000225;-1;-1;-1;30.000000;15.000000;15.000000;969.000000;984.000000
G22.mtx;58;S;0.012627;2;98;9;-1.000000;-1.000000;-1.000000;-1.000000;-1.000000
G22.mtx;59;F;0.000205;-1;-1;-1;18.000000;9.000000;9.000000;984.000000;993.000000
G22.mtx;60;S;0.013187;2;12;3;-1.000000;-1.000000;-1.000000;-1.000000;-1.000000
G22.mtx;61;F;0.000198;-1;-1;-1;6.000000;3.000000;3.000000;993.000000;996.000000
Binaryalphadigs_10NN.mtx;0;S;0.001152;1;1404;370;-1.000000;-1.000000;-1.000000;-1.000000;0.000000
Binaryalphadigs_10NN.mtx;1;F;0.000223;-1;-1;-1;71.298869;0.000000;71.298869;0.000000;71.298869
Binaryalphadigs_10NN.mtx;2;S;0.000987;1;663;152;-1.000000;-1.000000;-1.000000;-1.000000;-1.000000
Binaryalphadigs_10NN.mtx;3;F;0.000343;-1;-1;-1;9.050678;0.000000;9.050678;71.298869;80.349547
Binaryalphadigs_10NN.mtx;4;S;0.000813;1;343;74;-1.000000;-1.000000;-1.000000;-1.000000;-1.000000
Binaryalphadigs_10NN.mtx;5;F;0.000198;-1;-1;-1;2.661134;0.000000;2.661134;80.349547;83.010681
Binaryalphadigs_10NN.mtx;6;S;0.000683;1;162;39;-1.000000;-1.000000;-1.000000;-1.000000;-1.000000
Binaryalphadigs_10NN.mtx;7;F;0.000169;-1;-1;-1;0.958569;0.000000;0.958569;83.010681;83.969251
Binaryalphadigs_10NN.mtx;8;S;0.000666;1;49;17;-1.000000;-1.000000;-1.000000;-1.000000;-1.000000
Binaryalphadigs_10NN.mtx;9;F;0.000154;-1;-1;-1;0.367445;0.000000;0.367445;83.969251;84.336696
Binaryalphadigs_10NN.mtx;10;S;0.000576;1;9;4;-1.000000;-1.000000;-1.000000;-1.000000;-1.000000
Binaryalphadigs_10NN.mtx;11;F;0.000147;-1;-1;-1;0.083157;0.000000;0.083157;84.336696;84.419853
Binaryalphadigs_10NN.mtx;12;S;0.007445;2;202;34;-1.000000;-1.000000;-1.000000;-1.000000;-1.000000
Binaryalphadigs_10NN.mtx;13;F;0.000201;-1;-1;-1;3.027390;2.384466;0.642924;84.419853;85.062777
Binaryalphadigs_10NN.mtx;14;S;0.006158;2;72;17;-1.000000;-1.000000;-1.000000;-1.000000;-1.000000
Binaryalphadigs_10NN.mtx;15;F;0.000178;-1;-1;-1;1.328202;1.145974;0.182228;85.062777;85.245006
Binaryalphadigs_10NN.mtx;16;S;0.006387;2;14;4;-1.000000;-1.000000;-1.000000;-1.000000;-1.000000
Binaryalphadigs_10NN.mtx;17;F;0.000200;-1;-1;-1;0.254267;0.233102;0.021165;85.245006;85.266170
Binaryalphadigs_10NN.mtx;18;S;0.005906;2;8;2;-1.000000;-1.000000;-1.000000;-1.000000;-1.000000
Binaryalphadigs_10NN.mtx;19;F;0.000153;-1;-1;-1;0.150865;0.135876;0.014989;85.266170;85.281159
Binaryalphadigs_10NN.mtx;20;S;0.006070;2;6;2;-1.000000;-1.000000;-1.000000;-1.000000;-1.000000
Binaryalphadigs_10NN.mtx;21;F;0.000156;-1;-1;-1;0.309712;0.293158;0.016554;85.281159;85.297713
Binaryalphadigs_10NN.mtx;22;S;0.010880;3;38;8;-1.000000;-1.000000;-1.000000;-1.000000;-1.000000
Binaryalphadigs_10NN.mtx;23;F;0.000179;-1;-1;-1;0.855335;0.798806;0.056529;85.297713;85.354242
Binaryalphadigs_10NN.mtx;24;S;0.010558;3;29;5;-1.000000;-1.000000;-1.000000;-1.000000;-1.000000
Binaryalphadigs_10NN.mtx;25;F;0.000237;-1;-1;-1;0.401673;0.360804;0.040869;85.354242;85.395111
Binaryalphadigs_10NN.mtx;26;S;0.010654;3;15;4;-1.000000;-1.000000;-1.000000;-1.000000;-1.000000
Binaryalphadigs_10NN.mtx;27;F;0.000166;-1;-1;-1;0.308072;0.272232;0.035841;85.395111;85.430952
Binaryalphadigs_10NN.mtx;28;S;0.006346;2;4;1;-1.000000;-1.000000;-1.000000;-1.000000;-1.000000
Binaryalphadigs_10NN.mtx;29;F;0.000171;-1;-1;-1;0.041305;0.039636;0.001669;85.430952;85.432621
Binaryalphadigs_10NN.mtx;30;S;0.010196;3;2;1;-1.000000;-1.000000;-1.000000;-1.000000;-1.000000
Binaryalphadigs_10NN.mtx;31;F;0.000220;-1;-1;-1;0.073768;0.062354;0.011414;85.432621;85.444035
MISKnowledgeMap.mtx;0;S;0.003235;1;2427;428;-1.000000;-1.000000;-1.000000;-1.000000;0.000000
MISKnowledgeMap.mtx;1;F;0.000341;-1;-1;-1;362.040000;0.000000;362.040000;0.000000;362.040000
MISKnowledgeMap.mtx;2;S;0.002409;1;1560;210;-1.000000;-1.000000;-1.000000;-1.000000;-1.000000
MISKnowledgeMap.mtx;3;F;0.000433;-1;-1;-1;166.640000;0.000000;166.640000;362.040000;528.680000
MISKnowledgeMap.mtx;4;S;0.002200;1;1118;160;-1.000000;-1.000000;-1.000000;-1.000000;-1.000000
MISKnowledgeMap.mtx;5;F;0.000392;-1;-1;-1;119.510000;0.000000;119.510000;528.680000;648.190000
MISKnowledgeMap.mtx;6;S;0.002053;1;777;107;-1.000000;-1.000000;-1.000000;-1.000000;-1.000000
MISKnowledgeMap.mtx;7;F;0.000331;-1;-1;-1;75.860000;0.000000;75.860000;648.190000;724.050000
MISKnowledgeMap.mtx;8;S;0.001689;1;537;90;-1.000000;-1.000000;-1.000000;-1.000000;-1.000000
MISKnowledgeMap.mtx;9;F;0.000449;-1;-1;-1;59.780000;0.000000;59.780000;724.050000;783.830000
MISKnowledgeMap.mtx;10;S;0.001837;1;324;52;-1.000000;-1.000000;-1.000000;-1.000000;-1.000000
MISKnowledgeMap.mtx;11;F;0.000268;-1;-1;-1;32.690000;0.000000;32.690000;783.830000;816.520000
MISKnowledgeMap.mtx;12;S;0.001454;1;194;41;-1.000000;-1.000000;-1.000000;-1.000000;-1.000000
MISKnowledgeMap.mtx;13;F;0.000240;-1;-1;-1;24.490000;0.000000;24.490000;816.520000;841.010000
MISKnowledgeMap.mtx;14;S;0.001353;1;85;19;-1.000000;-1.000000;-1.000000;-1.000000;-1.000000
MISKnowledgeMap.mtx;15;F;0.000261;-1;-1;-1;11.250000;0.000000;11.250000;841.010000;852.260000
MISKnowledgeMap.mtx;16;S;0.001300;1;32;12;-1.000000;-1.000000;-1.000000;-1.000000;-1.000000
MISKnowledgeMap.mtx;17;F;0.000220;-1;-1;-1;6.610000;0.000000;6.610000;852.260000;858.870000
MISKnowledgeMap.mtx;18;S;0.017187;2;1042;76;-1.000000;-1.000000;-1.000000;-1.000000;-1.000000
MISKnowledgeMap.mtx;19;F;0.000589;-1;-1;-1;109.560000;87.070000;22.490000;858.870000;881.360000
MISKnowledgeMap.mtx;20;S;0.015602;2;460;58;-1.000000;-1.000000;-1.000000;-1.000000;-1.000000
MISKnowledgeMap.mtx;21;F;0.000411;-1;-1;-1;82.220000;71.610000;10.610000;881.360000;891.970000
MISKnowledgeMap.mtx;22;S;0.014790;2;226;45;-1.000000;-1.000000;-1.000000;-1.000000;-1.000000
MISKnowledgeMap.mtx;23;F;0.000307;-1;-1;-1;63.490000;58.350000;5.140000;891.970000;897.110000
MISKnowledgeMap.mtx;24;S;0.016379;2;116;22;-1.000000;-1.000000;-1.000000;-1.000000;-1.000000
MISKnowledgeMap.mtx;25;F;0.000323;-1;-1;-1;31.090000;29.150000;1.940000;897.110000;899.050000
MISKnowledgeMap.mtx;26;S;0.013907;2;38;8;-1.000000;-1.000000;-1.000000;-1.000000;-1.000000
MISKnowledgeMap.mtx;27;F;0.000280;-1;-1;-1;11.540000;11.190000;0.350000;899.050000;899.400000
MISKnowledgeMap.mtx;28;S;0.014075;2;8;2;-1.000000;-1.000000;-1.000000;-1.000000;-1.000000
MISKnowledgeMap.mtx;29;F;0.000257;-1;-1;-1;3.230000;3.180000;0.050000;899.400000;899.450000
MISKnowledgeMap.mtx;30;S;0.013998;2;4;1;-1.000000;-1.000000;-1.000000;-1.000000;-1.000000
MISKnowledgeMap.mtx;31;F;0.000225;-1;-1;-1;1.620000;1.550000;0.070000;899.450000;899.520000
MISKnowledgeMap.mtx;32;S;0.021100;3;102;10;-1.000000;-1.000000;-1.000000;-1.000000;-1.000000
MISKnowledgeMap.mtx;33;F;0.000253;-1;-1;-1;18.840000;16.160000;2.680000;899.520000;902.200000
MISKnowledgeMap.mtx;34;S;0.022277;3;106;4;-1.000000;-1.000000;-1.000000;-1.000000;-1.000000
MISKnowledgeMap.mtx;35;F;0.000342;-1;-1;-1;7.500000;6.110000;1.390000;902.200000;903.590000
MISKnowledgeMap.mtx;36;S;0.021399;3;12;1;-1.000000;-1.000000;-1.000000;-1.000000;-1.000000
MISKnowledgeMap.mtx;37;F;0.000224;-1;-1;-1;1.660000;1.410000;0.250000;903.590000;903.840000
MISKnowledgeMap.mtx;38;S;0.014052;2;32;8;-1.000000;-1.000000;-1.000000;-1.000000;-1.000000
MISKnowledgeMap.mtx;39;F;0.000243;-1;-1;-1;11.930000;11.250000;0.680000;903.840000;904.520000
MISKnowledgeMap.mtx;40;S;0.012882;2;4;1;-1.000000;-1.000000;-1.000000;-1.000000;-1.000000
MISKnowledgeMap.mtx;41;F;0.000251;-1;-1;-1;1.730000;1.680000;0.050000;904.520000;904.570000
human_gene1.mtx;0;S;2.341698;1;21890;2989;-1.000000;-1.000000;-1.000000;-1.000000;0.000000
human_gene1.mtx;1;F;0.005835;-1;-1;-1;494.654601;0.000000;494.654601;0.000000;494.654601
human_gene1.mtx;2;S;2.033317;1;15814;538;-1.000000;-1.000000;-1.000000;-1.000000;-1.000000
human_gene1.mtx;3;F;0.002866;-1;-1;-1;66.446913;0.000000;66.446913;494.654601;561.101514
human_gene1.mtx;4;S;2.014601;1;14711;293;-1.000000;-1.000000;-1.000000;-1.000000;-1.000000
human_gene1.mtx;5;F;0.002533;-1;-1;-1;29.847889;0.000000;29.847889;561.101514;590.949403
human_gene1.mtx;6;S;1.905792;1;14106;243;-1.000000;-1.000000;-1.000000;-1.000000;-1.000000
human_gene1.mtx;7;F;0.002468;-1;-1;-1;23.186148;0.000000;23.186148;590.949403;614.135550
human_gene1.mtx;8;S;1.746178;1;13601;208;-1.000000;-1.000000;-1.000000;-1.000000;-1.000000
human_gene1.mtx;9;F;0.002537;-1;-1;-1;18.170548;0.000000;18.170548;614.135550;632.306099
human_gene1.mtx;10;S;1.745437;1;13162;195;-1.000000;-1.000000;-1.000000;-1.000000;-1.000000
human_gene1.mtx;11;F;0.002541;-1;-1;-1;16.196011;0.000000;16.196011;632.306099;648.502110
human_gene1.mtx;12;S;1.731055;1;12751;165;-1.000000;-1.000000;-1.000000;-1.000000;-1.000000
human_gene1.mtx;13;F;0.002608;-1;-1;-1;12.683727;0.000000;12.683727;648.502110;661.185837
human_gene1.mtx;14;S;1.679943;1;12402;157;-1.000000;-1.000000;-1.000000;-1.000000;-1.000000
human_gene1.mtx;15;F;0.002613;-1;-1;-1;11.827409;0.000000;11.827409;661.185837;673.013245
human_gene1.mtx;16;S;1.668543;1;12075;137;-1.000000;-1.000000;-1.000000;-1.000000;-1.000000
human_gene1.mtx;17;F;0.002359;-1;-1;-1;10.509364;0.000000;10.509364;673.013245;683.522610
human_gene1.mtx;18;S;1.668130;1;11779;130;-1.000000;-1.000000;-1.000000;-1.000000;-1.000000
human_gene1.mtx;19;F;0.002565;-1;-1;-1;9.646028;0.000000;9.646028;683.522610;693.168637
human_gene1.mtx;20;S;1.705958;1;11506;145;-1.000000;-1.000000;-1.000000;-1.000000;-1.000000
human_gene1.mtx;21;F;0.002626;-1;-1;-1;10.582147;0.000000;10.582147;693.168637;703.750785
human_gene1.mtx;22;S;1.675802;1;11202;137;-1.000000;-1.000000;-1.000000;-1.000000;-1.000000
human_gene1.mtx;23;F;0.002848;-1;-1;-1;9.695743;0.000000;9.695743;703.750785;713.446528
human_gene1.mtx;24;S;1.597030;1;10910;146;-1.000000;-1.000000;-1.000000;-1.000000;-1.000000
human_gene1.mtx;25;F;0.002727;-1;-1;-1;9.958346;0.000000;9.958346;713.446528;723.404874
human_gene1.mtx;26;S;1.602068;1;10594;173;-1.000000;-1.000000;-1.000000;-1.000000;-1.000000
human_gene1.mtx;27;F;0.002741;-1;-1;-1;11.393290;0.000000;11.393290;723.404874;734.798164
human_gene1.mtx;28;S;1.568799;1;10220;178;-1.000000;-1.000000;-1.000000;-1.000000;-1.000000
human_gene1.mtx;29;F;0.002737;-1;-1;-1;10.874348;0.000000;10.874348;734.798164;745.672511
human_gene1.mtx;30;S;1.521328;1;9825;202;-1.000000;-1.000000;-1.000000;-1.000000;-1.000000
human_gene1.mtx;31;F;0.003173;-1;-1;-1;11.796690;0.000000;11.796690;745.672511;757.469201
human_gene1.mtx;32;S;1.683751;1;9362;173;-1.000000;-1.000000;-1.000000;-1.000000;-1.000000
human_gene1.mtx;33;F;0.002791;-1;-1;-1;9.673831;0.000000;9.673831;757.469201;767.143032
human_gene1.mtx;34;S;1.505697;1;8974;153;-1.000000;-1.000000;-1.000000;-1.000000;-1.000000
human_gene1.mtx;35;F;0.002699;-1;-1;-1;8.429120;0.000000;8.429120;767.143032;775.572152
human_gene1.mtx;36;S;1.495019;1;8627;115;-1.000000;-1.000000;-1.000000;-1.000000;-1.000000
human_gene1.mtx;37;F;0.002693;-1;-1;-1;6.149272;0.000000;6.149272;775.572152;781.721424
human_gene1.mtx;38;S;1.510785;1;8361;121;-1.000000;-1.000000;-1.000000;-1.000000;-1.000000
human_gene1.mtx;39;F;0.002768;-1;-1;-1;6.752427;0.000000;6.752427;781.721424;788.473851
human_gene1.mtx;40;S;1.479833;1;8083;114;-1.000000;-1.000000;-1.000000;-1.000000;-1.000000
human_gene1.mtx;41;F;0.002714;-1;-1;-1;6.554468;0.000000;6.554468;788.473851;795.028319
human_gene1.mtx;42;S;1.515871;1;7816;111;-1.000000;-1.000000;-1.000000;-1.000000;-1.000000
human_gene1.mtx;43;F;0.002587;-1;-1;-1;5.996934;0.000000;5.996934;795.028319;801.025252
human_gene1.mtx;44;S;1.428504;1;7537;98;-1.000000;-1.000000;-1.000000;-1.000000;-1.000000
human_gene1.mtx;45;F;0.002540;-1;-1;-1;5.070468;0.000000;5.070468;801.025252;806.095721
human_gene1.mtx;46;S;1.391294;1;7308;73;-1.000000;-1.000000;-1.000000;-1.000000;-1.000000
human_gene1.mtx;47;F;0.002458;-1;-1;-1;3.795111;0.000000;3.795111;806.095721;809.890832
human_gene1.mtx;48;S;1.419648;1;7144;66;-1.000000;-1.000000;-1.000000;-1.000000;-1.000000
human_gene1.mtx;49;F;0.002518;-1;-1;-1;3.552787;0.000000;3.552787;809.890832;813.443619
human_gene1.mtx;50;S;1.328065;1;6987;71;-1.000000;-1.000000;-1.000000;-1.000000;-1.000000
human_gene1.mtx;51;F;0.002479;-1;-1;-1;3.860236;0.000000;3.860236;813.443619;817.303855
human_gene1.mtx;52;S;1.321869;1;6813;98;-1.000000;-1.000000;-1.000000;-1.000000;-1.000000
human_gene1.mtx;53;F;0.002506;-1;-1;-1;5.314563;0.000000;5.314563;817.303855;822.618418
human_gene1.mtx;54;S;1.316019;1;6572;129;-1.000000;-1.000000;-1.000000;-1.000000;-1.000000
human_gene1.mtx;55;F;0.002538;-1;-1;-1;6.550691;0.000000;6.550691;822.618418;829.169109
human_gene1.mtx;56;S;1.275585;1;6260;152;-1.000000;-1.000000;-1.000000;-1.000000;-1.000000
human_gene1.mtx;57;F;0.002585;-1;-1;-1;7.327642;0.000000;7.327642;829.169109;836.496751
human_gene1.mtx;58;S;1.285675;1;5881;186;-1.000000;-1.000000;-1.000000;-1.000000;-1.000000
human_gene1.mtx;59;F;0.002612;-1;-1;-1;8.574538;0.000000;8.574538;836.496751;845.071289
human_gene1.mtx;60;S;1.374874;1;5427;165;-1.000000;-1.000000;-1.000000;-1.000000;-1.000000
human_gene1.mtx;61;F;0.002485;-1;-1;-1;7.119499;0.000000;7.119499;845.071289;852.190788
human_gene1.mtx;62;S;1.340308;1;5006;125;-1.000000;-1.000000;-1.000000;-1.000000;-1.000000
human_gene1.mtx;63;F;0.002530;-1;-1;-1;5.371773;0.000000;5.371773;852.190788;857.562561
human_gene1.mtx;64;S;1.295384;1;4680;104;-1.000000;-1.000000;-1.000000;-1.000000;-1.000000
human_gene1.mtx;65;F;0.002791;-1;-1;-1;4.382677;0.000000;4.382677;857.562561;861.945238
human_gene1.mtx;66;S;1.275927;1;4415;93;-1.000000;-1.000000;-1.000000;-1.000000;-1.000000
human_gene1.mtx;67;F;0.002529;-1;-1;-1;3.906677;0.000000;3.906677;861.945238;865.851915
human_gene1.mtx;68;S;1.460408;1;4175;100;-1.000000;-1.000000;-1.000000;-1.000000;-1.000000
human_gene1.mtx;69;F;0.002211;-1;-1;-1;4.323980;0.000000;4.323980;865.851915;870.175895
human_gene1.mtx;70;S;1.316541;1;3888;138;-1.000000;-1.000000;-1.000000;-1.000000;-1.000000
human_gene1.mtx;71;F;0.002566;-1;-1;-1;5.750596;0.000000;5.750596;870.175895;875.926491
human_gene1.mtx;72;S;1.467805;1;3513;147;-1.000000;-1.000000;-1.000000;-1.000000;-1.000000
human_gene1.mtx;73;F;0.002591;-1;-1;-1;5.888218;0.000000;5.888218;875.926491;881.814709
human_gene1.mtx;74;S;1.270943;1;3123;148;-1.000000;-1.000000;-1.000000;-1.000000;-1.000000
human_gene1.mtx;75;F;0.002404;-1;-1;-1;5.714212;0.000000;5.714212;881.814709;887.528922
human_gene1.mtx;76;S;1.242483;1;2723;124;-1.000000;-1.000000;-1.000000;-1.000000;-1.000000
human_gene1.mtx;77;F;0.002359;-1;-1;-1;4.702849;0.000000;4.702849;887.528922;892.231771
human_gene1.mtx;78;S;1.222319;1;2371;107;-1.000000;-1.000000;-1.000000;-1.000000;-1.000000
human_gene1.mtx;79;F;0.002340;-1;-1;-1;3.987914;0.000000;3.987914;892.231771;896.219685
human_gene1.mtx;80;S;1.229173;1;2064;106;-1.000000;-1.000000;-1.000000;-1.000000;-1.000000
human_gene1.mtx;81;F;0.002315;-1;-1;-1;3.822624;0.000000;3.822624;896.219685;900.042309
human_gene1.mtx;82;S;1.219437;1;1761;120;-1.000000;-1.000000;-1.000000;-1.000000;-1.000000
human_gene1.mtx;83;F;0.002326;-1;-1;-1;4.280460;0.000000;4.280460;900.042309;904.322768
human_gene1.mtx;84;S;1.228227;1;1358;134;-1.000000;-1.000000;-1.000000;-1.000000;-1.000000
human_gene1.mtx;85;F;0.002306;-1;-1;-1;4.562499;0.000000;4.562499;904.322768;908.885267
human_gene1.mtx;86;S;1.223952;1;913;126;-1.000000;-1.000000;-1.000000;-1.000000;-1.000000
human_gene1.mtx;87;F;0.002290;-1;-1;-1;4.121973;0.000000;4.121973;908.885267;913.007240
human_gene1.mtx;88;S;1.256701;1;542;88;-1.000000;-1.000000;-1.000000;-1.000000;-1.000000
human_gene1.mtx;89;F;0.002203;-1;-1;-1;2.803356;0.000000;2.803356;913.007240;915.810596
human_gene1.mtx;90;S;1.250985;1;237;54;-1.000000;-1.000000;-1.000000;-1.000000;-1.000000
human_gene1.mtx;91;F;0.002162;-1;-1;-1;1.680729;0.000000;1.680729;915.810596;917.491325
human_gene1.mtx;92;S;1.228418;1;59;20;-1.000000;-1.000000;-1.000000;-1.000000;-1.000000
human_gene1.mtx;93;F;0.002126;-1;-1;-1;0.611595;0.000000;0.611595;917.491325;918.102920
human_gene1.mtx;94;S;1.230384;1;2;1;-1.000000;-1.000000;-1.000000;-1.000000;-1.000000
human_gene1.mtx;95;F;0.002082;-1;-1;-1;0.030058;0.000000;0.030058;918.102920;918.132978
human_gene1.mtx;96;S;9.393657;2;8626;406;-1.000000;-1.000000;-1.000000;-1.000000;-1.000000
human_gene1.mtx;97;F;0.002804;-1;-1;-1;53.129703;42.265095;10.864608;918.132978;928.997587
human_gene1.mtx;98;S;9.280379;2;6272;233;-1.000000;-1.000000;-1.000000;-1.000000;-1.000000
human_gene1.mtx;99;F;0.002415;-1;-1;-1;23.332113;18.459692;4.872421;928.997587;933.870007
human_gene1.mtx;100;S;9.169967;2;4948;152;-1.000000;-1.000000;-1.000000;-1.000000;-1.000000
human_gene1.mtx;101;F;0.002215;-1;-1;-1;14.172867;11.300556;2.872312;933.870007;936.742319
human_gene1.mtx;102;S;9.239076;2;4454;108;-1.000000;-1.000000;-1.000000;-1.000000;-1.000000
human_gene1.mtx;103;F;0.002070;-1;-1;-1;9.602096;8.096475;1.505621;936.742319;938.247940
human_gene1.mtx;104;S;9.021837;2;3728;85;-1.000000;-1.000000;-1.000000;-1.000000;-1.000000
human_gene1.mtx;105;F;0.001986;-1;-1;-1;7.531818;6.276149;1.255670;938.247940;939.503610
human_gene1.mtx;106;S;9.014878;2;3010;83;-1.000000;-1.000000;-1.000000;-1.000000;-1.000000
human_gene1.mtx;107;F;0.002171;-1;-1;-1;6.758194;5.742932;1.015262;939.503610;940.518872
human_gene1.mtx;108;S;8.986256;2;2490;90;-1.000000;-1.000000;-1.000000;-1.000000;-1.000000
human_gene1.mtx;109;F;0.002086;-1;-1;-1;7.126138;6.243696;0.882442;940.518872;941.401314
human_gene1.mtx;110;S;9.140374;2;2026;69;-1.000000;-1.000000;-1.000000;-1.000000;-1.000000
human_gene1.mtx;111;F;0.002302;-1;-1;-1;5.531178;4.898557;0.632621;941.401314;942.033936
human_gene1.mtx;112;S;9.280758;2;1664;77;-1.000000;-1.000000;-1.000000;-1.000000;-1.000000
human_gene1.mtx;113;F;0.003387;-1;-1;-1;6.354042;5.712137;0.641905;942.033936;942.675841
human_gene1.mtx;114;S;9.298490;2;1204;79;-1.000000;-1.000000;-1.000000;-1.000000;-1.000000
human_gene1.mtx;115;F;0.002218;-1;-1;-1;6.795133;6.224189;0.570944;942.675841;943.246785
human_gene1.mtx;116;S;8.812866;2;904;66;-1.000000;-1.000000;-1.000000;-1.000000;-1.000000
human_gene1.mtx;117;F;0.002013;-1;-1;-1;5.976800;5.669231;0.307569;943.246785;943.554354
human_gene1.mtx;118;S;8.764417;2;730;47;-1.000000;-1.000000;-1.000000;-1.000000;-1.000000
human_gene1.mtx;119;F;0.001921;-1;-1;-1;3.738518;3.422356;0.316162;943.554354;943.870516
human_gene1.mtx;120;S;8.840506;2;432;48;-1.000000;-1.000000;-1.000000;-1.000000;-1.000000
human_gene1.mtx;121;F;0.001987;-1;-1;-1;3.958382;3.742553;0.215829;943.870516;944.086345
human_gene1.mtx;122;S;9.056312;2;288;38;-1.000000;-1.000000;-1.000000;-1.000000;-1.000000
human_gene1.mtx;123;F;0.003079;-1;-1;-1;3.188835;3.093395;0.095440;944.086345;944.181785
human_gene1.mtx;124;S;9.109005;2;202;36;-1.000000;-1.000000;-1.000000;-1.000000;-1.000000
human_gene1.mtx;125;F;0.002179;-1;-1;-1;3.082297;3.002684;0.079613;944.181785;944.261398
human_gene1.mtx;126;S;9.072987;2;176;21;-1.000000;-1.000000;-1.000000;-1.000000;-1.000000
human_gene1.mtx;127;F;0.002119;-1;-1;-1;1.760345;1.706143;0.054202;944.261398;944.315600
human_gene1.mtx;128;S;8.968983;2;80;11;-1.000000;-1.000000;-1.000000;-1.000000;-1.000000
human_gene1.mtx;129;F;0.001810;-1;-1;-1;0.798370;0.765965;0.032405;944.315600;944.348005
human_gene1.mtx;130;S;9.067156;2;34;10;-1.000000;-1.000000;-1.000000;-1.000000;-1.000000
human_gene1.mtx;131;F;0.001937;-1;-1;-1;0.885001;0.872452;0.012549;944.348005;944.360554
human_gene1.mtx;132;S;9.068410;2;46;6;-1.000000;-1.000000;-1.000000;-1.000000;-1.000000
human_gene1.mtx;133;F;0.001891;-1;-1;-1;0.482098;0.473361;0.008737;944.360554;944.369291
human_gene1.mtx;134;S;9.077293;2;84;8;-1.000000;-1.000000;-1.000000;-1.000000;-1.000000
human_gene1.mtx;135;F;0.001951;-1;-1;-1;0.803837;0.780538;0.023299;944.369291;944.392590
human_gene1.mtx;136;S;8.945114;2;62;7;-1.000000;-1.000000;-1.000000;-1.000000;-1.000000
human_gene1.mtx;137;F;0.001931;-1;-1;-1;0.699357;0.680531;0.018825;944.392590;944.411415
human_gene1.mtx;138;S;9.015796;2;30;4;-1.000000;-1.000000;-1.000000;-1.000000;-1.000000
human_gene1.mtx;139;F;0.001891;-1;-1;-1;0.339107;0.329077;0.010030;944.411415;944.421445
human_gene1.mtx;140;S;9.067338;2;4;1;-1.000000;-1.000000;-1.000000;-1.000000;-1.000000
human_gene1.mtx;141;F;0.001811;-1;-1;-1;0.090751;0.090680;0.000071;944.421445;944.421516
human_gene1.mtx;142;S;8.962600;2;8;2;-1.000000;-1.000000;-1.000000;-1.000000;-1.000000
human_gene1.mtx;143;F;0.002054;-1;-1;-1;0.174659;0.172846;0.001813;944.421516;944.423329
human_gene1.mtx;144;S;9.025429;2;2;1;-1.000000;-1.000000;-1.000000;-1.000000;-1.000000
human_gene1.mtx;145;F;0.001956;-1;-1;-1;0.081661;0.080824;0.000837;944.423329;944.424166
human_gene1.mtx;146;S;9.099993;2;10;2;-1.000000;-1.000000;-1.000000;-1.000000;-1.000000
human_gene1.mtx;147;F;0.001881;-1;-1;-1;0.200820;0.199265;0.001555;944.424166;944.425721
human_gene1.mtx;148;S;8.961397;2;8;2;-1.000000;-1.000000;-1.000000;-1.000000;-1.000000
human_gene1.mtx;149;F;0.001912;-1;-1;-1;0.140382;0.135681;0.004702;944.425721;944.430423
human_gene1.mtx;150;S;11.728090;3;891;86;-1.000000;-1.000000;-1.000000;-1.000000;-1.000000
human_gene1.mtx;151;F;0.003881;-1;-1;-1;11.223327;10.392322;0.831006;944.430423;945.261429
human_gene1.mtx;152;S;10.197783;3;2281;24;-1.000000;-1.000000;-1.000000;-1.000000;-1.000000
human_gene1.mtx;153;F;0.002234;-1;-1;-1;3.275958;3.013904;0.262053;945.261429;945.523482
human_gene1.mtx;154;S;10.124297;3;1814;20;-1.000000;-1.000000;-1.000000;-1.000000;-1.000000
human_gene1.mtx;155;F;0.002243;-1;-1;-1;2.613962;2.375740;0.238222;945.523482;945.761703
human_gene1.mtx;156;S;10.615420;3;1071;17;-1.000000;-1.000000;-1.000000;-1.000000;-1.000000
human_gene1.mtx;157;F;0.002342;-1;-1;-1;2.579492;2.420119;0.159373;945.761703;945.921076
human_gene1.mtx;158;S;10.213636;3;1221;14;-1.000000;-1.000000;-1.000000;-1.000000;-1.000000
human_gene1.mtx;159;F;0.002437;-1;-1;-1;1.700117;1.579637;0.120480;945.921076;946.041556
human_gene1.mtx;160;S;10.303771;3;1160;16;-1.000000;-1.000000;-1.000000;-1.000000;-1.000000
human_gene1.mtx;161;F;0.002200;-1;-1;-1;2.126752;2.026725;0.100027;946.041556;946.141583
human_gene1.mtx;162;S;10.393220;3;552;28;-1.000000;-1.000000;-1.000000;-1.000000;-1.000000
human_gene1.mtx;163;F;0.002689;-1;-1;-1;3.827227;3.633309;0.193919;946.141583;946.335502
human_gene1.mtx;164;S;10.510539;3;504;21;-1.000000;-1.000000;-1.000000;-1.000000;-1.000000
human_gene1.mtx;165;F;0.002363;-1;-1;-1;2.916975;2.803049;0.113926;946.335502;946.449427
human_gene1.mtx;166;S;10.443202;3;366;20;-1.000000;-1.000000;-1.000000;-1.000000;-1.000000
human_gene1.mtx;167;F;0.002546;-1;-1;-1;2.823973;2.723447;0.100526;946.449427;946.549954
human_gene1.mtx;168;S;10.458696;3;202;21;-1.000000;-1.000000;-1.000000;-1.000000;-1.000000
human_gene1.mtx;169;F;0.002623;-1;-1;-1;2.542297;2.457605;0.084692;946.549954;946.634645
human_gene1.mtx;170;S;10.464819;3;234;22;-1.000000;-1.000000;-1.000000;-1.000000;-1.000000
human_gene1.mtx;171;F;0.002660;-1;-1;-1;2.967022;2.862347;0.104675;946.634645;946.739320
human_gene1.mtx;172;S;10.258001;3;302;13;-1.000000;-1.000000;-1.000000;-1.000000;-1.000000
human_gene1.mtx;173;F;0.002297;-1;-1;-1;1.800108;1.723090;0.077017;946.739320;946.816338
human_gene1.mtx;174;S;10.582074;3;214;8;-1.000000;-1.000000;-1.000000;-1.000000;-1.000000
human_gene1.mtx;175;F;0.002215;-1;-1;-1;1.159657;1.123217;0.036440;946.816338;946.852777
human_gene1.mtx;176;S;10.531414;3;169;12;-1.000000;-1.000000;-1.000000;-1.000000;-1.000000
human_gene1.mtx;177;F;0.002196;-1;-1;-1;1.608284;1.563498;0.044785;946.852777;946.897563
human_gene1.mtx;178;S;10.523470;3;119;11;-1.000000;-1.000000;-1.000000;-1.000000;-1.000000
human_gene1.mtx;179;F;0.002299;-1;-1;-1;1.472157;1.439160;0.032997;946.897563;946.930560
human_gene1.mtx;180;S;10.423233;3;371;6;-1.000000;-1.000000;-1.000000;-1.000000;-1.000000
human_gene1.mtx;181;F;0.002335;-1;-1;-1;0.840488;0.799140;0.041348;946.930560;946.971908
human_gene1.mtx;182;S;10.462714;3;56;8;-1.000000;-1.000000;-1.000000;-1.000000;-1.000000
human_gene1.mtx;183;F;0.002222;-1;-1;-1;1.146363;1.127065;0.019298;946.971908;946.991206
human_gene1.mtx;184;S;10.389414;3;79;10;-1.000000;-1.000000;-1.000000;-1.000000;-1.000000
human_gene1.mtx;185;F;0.002216;-1;-1;-1;1.550092;1.512401;0.037691;946.991206;947.028897
human_gene1.mtx;186;S;10.630925;3;127;7;-1.000000;-1.000000;-1.000000;-1.000000;-1.000000
human_gene1.mtx;187;F;0.002422;-1;-1;-1;0.994816;0.954193;0.040623;947.028897;947.069520
human_gene1.mtx;188;S;10.618797;3;51;5;-1.000000;-1.000000;-1.000000;-1.000000;-1.000000
human_gene1.mtx;189;F;0.002214;-1;-1;-1;0.656443;0.641374;0.015069;947.069520;947.084589
human_gene1.mtx;190;S;10.536022;3;22;2;-1.000000;-1.000000;-1.000000;-1.000000;-1.000000
human_gene1.mtx;191;F;0.002223;-1;-1;-1;0.274662;0.268466;0.006196;947.084589;947.090785
human_gene1.mtx;192;S;1.535478;1;5;2;-1.000000;-1.000000;-1.000000;-1.000000;-1.000000
human_gene1.mtx;193;F;0.001804;-1;-1;-1;0.064551;0.063086;0.001465;947.090785;947.092250
human_gene1.mtx;194;S;9.669147;2;122;28;-1.000000;-1.000000;-1.000000;-1.000000;-1.000000
human_gene1.mtx;195;F;0.001993;-1;-1;-1;2.685763;2.619723;0.066040;947.092250;947.158290
human_gene1.mtx;196;S;8.997246;2;38;9;-1.000000;-1.000000;-1.000000;-1.000000;-1.000000
human_gene1.mtx;197;F;0.001974;-1;-1;-1;0.893658;0.878861;0.014797;947.158290;947.173087
human_gene1.mtx;198;S;9.069586;2;4;1;-1.000000;-1.000000;-1.000000;-1.000000;-1.000000
human_gene1.mtx;199;F;0.001826;-1;-1;-1;0.119388;0.117562;0.001826;947.173087;947.174913
human_gene1.mtx;200;S;10.398580;3;6;3;-1.000000;-1.000000;-1.000000;-1.000000;-1.000000
human_gene1.mtx;201;F;0.002280;-1;-1;-1;0.355983;0.353353;0.002630;947.174913;947.177543
human_gene1.mtx;202;S;10.497256;3;11;2;-1.000000;-1.000000;-1.000000;-1.000000;-1.000000
human_gene1.mtx;203;F;0.002318;-1;-1;-1;0.279461;0.274566;0.004895;947.177543;947.182438
human_gene1.mtx;204;S;10.477421;3;12;2;-1.000000;-1.000000;-1.000000;-1.000000;-1.000000
human_gene1.mtx;205;F;0.002081;-1;-1;-1;0.259396;0.255612;0.003784;947.182438;947.186222
human_gene1.mtx;206;S;10.070664;3;11;2;-1.000000;-1.000000;-1.000000;-1.000000;-1.000000
human_gene1.mtx;207;F;0.001974;-1;-1;-1;0.244124;0.233930;0.010193;947.186222;947.196415
human_gene1.mtx;208;S;10.140070;3;2;1;-1.000000;-1.000000;-1.000000;-1.000000;-1.000000
human_gene1.mtx;209;F;0.002031;-1;-1;-1;0.114978;0.113590;0.001388;947.196415;947.197803
human_gene1.mtx;210;S;10.346719;3;4;1;-1.000000;-1.000000;-1.000000;-1.000000;-1.000000
human_gene1.mtx;211;F;0.002088;-1;-1;-1;0.118551;0.116105;0.002445;947.197803;947.200249
human_gene1.mtx;212;S;10.175958;3;2;1;-1.000000;-1.000000;-1.000000;-1.000000;-1.000000
human_gene1.mtx;213;F;0.002098;-1;-1;-1;0.170517;0.168479;0.002038;947.200249;947.202287
mouse_gene.mtx;0;S;3.025803;1;43126;5545;-1.000000;-1.000000;-1.000000;-1.000000;0.000000
mouse_gene.mtx;1;F;0.014145;-1;-1;-1;677.489205;0.000000;677.489205;0.000000;677.489205
mouse_gene.mtx;2;S;2.193401;1;31662;964;-1.000000;-1.000000;-1.000000;-1.000000;-1.000000
mouse_gene.mtx;3;F;0.005479;-1;-1;-1;85.160253;0.000000;85.160253;677.489205;762.649458
mouse_gene.mtx;4;S;2.103998;1;29641;419;-1.000000;-1.000000;-1.000000;-1.000000;-1.000000
mouse_gene.mtx;5;F;0.005084;-1;-1;-1;34.279053;0.000000;34.279053;762.649458;796.928511
mouse_gene.mtx;6;S;1.918172;1;28737;379;-1.000000;-1.000000;-1.000000;-1.000000;-1.000000
mouse_gene.mtx;7;F;0.004949;-1;-1;-1;30.112463;0.000000;30.112463;796.928511;827.040974
mouse_gene.mtx;8;S;1.881723;1;27914;351;-1.000000;-1.000000;-1.000000;-1.000000;-1.000000
mouse_gene.mtx;9;F;0.004827;-1;-1;-1;26.692528;0.000000;26.692528;827.040974;853.733502
mouse_gene.mtx;10;S;1.853143;1;27175;371;-1.000000;-1.000000;-1.000000;-1.000000;-1.000000
mouse_gene.mtx;11;F;0.005025;-1;-1;-1;25.918467;0.000000;25.918467;853.733502;879.651969
mouse_gene.mtx;12;S;1.797325;1;26382;376;-1.000000;-1.000000;-1.000000;-1.000000;-1.000000
mouse_gene.mtx;13;F;0.004945;-1;-1;-1;24.890269;0.000000;24.890269;879.651969;904.542238
mouse_gene.mtx;14;S;1.778098;1;25560;362;-1.000000;-1.000000;-1.000000;-1.000000;-1.000000
mouse_gene.mtx;15;F;0.008712;-1;-1;-1;21.945457;0.000000;21.945457;904.542238;926.487695
mouse_gene.mtx;16;S;1.778720;1;24766;367;-1.000000;-1.000000;-1.000000;-1.000000;-1.000000
mouse_gene.mtx;17;F;0.005397;-1;-1;-1;21.499050;0.000000;21.499050;926.487695;947.986745
mouse_gene.mtx;18;S;1.728365;1;23958;382;-1.000000;-1.000000;-1.000000;-1.000000;-1.000000
mouse_gene.mtx;19;F;0.005100;-1;-1;-1;21.166535;0.000000;21.166535;947.986745;969.153280
mouse_gene.mtx;20;S;1.801981;1;23095;397;-1.000000;-1.000000;-1.000000;-1.000000;-1.000000
mouse_gene.mtx;21;F;0.005424;-1;-1;-1;20.778974;0.000000;20.778974;969.153280;989.932254
mouse_gene.mtx;22;S;1.652897;1;22232;356;-1.000000;-1.000000;-1.000000;-1.000000;-1.000000
mouse_gene.mtx;23;F;0.005073;-1;-1;-1;18.307966;0.000000;18.307966;989.932254;1008.240220
mouse_gene.mtx;24;S;1.615654;1;21425;365;-1.000000;-1.000000;-1.000000;-1.000000;-1.000000
mouse_gene.mtx;25;F;0.005055;-1;-1;-1;17.393157;0.000000;17.393157;1008.240220;1025.633377
mouse_gene.mtx;26;S;1.597373;1;20583;399;-1.000000;-1.000000;-1.000000;-1.000000;-1.000000
mouse_gene.mtx;27;F;0.005332;-1;-1;-1;18.423905;0.000000;18.423905;1025.633377;1044.057282
mouse_gene.mtx;28;S;1.609571;1;19670;451;-1.000000;-1.000000;-1.000000;-1.000000;-1.000000
mouse_gene.mtx;29;F;0.005318;-1;-1;-1;20.044254;0.000000;20.044254;1044.057282;1064.101536
mouse_gene.mtx;30;S;1.558593;1;18644;484;-1.000000;-1.000000;-1.000000;-1.000000;-1.000000
mouse_gene.mtx;31;F;0.005417;-1;-1;-1;20.426293;0.000000;20.426293;1064.101536;1084.527829
mouse_gene.mtx;32;S;1.528165;1;17495;528;-1.000000;-1.000000;-1.000000;-1.000000;-1.000000
mouse_gene.mtx;33;F;0.005712;-1;-1;-1;21.152341;0.000000;21.152341;1084.527829;1105.680170
mouse_gene.mtx;34;S;1.540570;1;16217;543;-1.000000;-1.000000;-1.000000;-1.000000;-1.000000
mouse_gene.mtx;35;F;0.005506;-1;-1;-1;20.680627;0.000000;20.680627;1105.680170;1126.360797
mouse_gene.mtx;36;S;1.522503;1;14899;558;-1.000000;-1.000000;-1.000000;-1.000000;-1.000000
mouse_gene.mtx;37;F;0.005465;-1;-1;-1;20.532277;0.000000;20.532277;1126.360797;1146.893074
mouse_gene.mtx;38;S;1.544109;1;13506;570;-1.000000;-1.000000;-1.000000;-1.000000;-1.000000
mouse_gene.mtx;39;F;0.005525;-1;-1;-1;19.753504;0.000000;19.753504;1146.893074;1166.646578
mouse_gene.mtx;40;S;1.488377;1;12058;564;-1.000000;-1.000000;-1.000000;-1.000000;-1.000000
mouse_gene.mtx;41;F;0.005371;-1;-1;-1;18.649767;0.000000;18.649767;1166.646578;1185.296345
mouse_gene.mtx;42;S;1.508917;1;10559;585;-1.000000;-1.000000;-1.000000;-1.000000;-1.000000
mouse_gene.mtx;43;F;0.005364;-1;-1;-1;18.696450;0.000000;18.696450;1185.296345;1203.992795
mouse_gene.mtx;44;S;1.487732;1;8924;601;-1.000000;-1.000000;-1.000000;-1.000000;-1.000000
mouse_gene.mtx;45;F;0.005368;-1;-1;-1;18.217536;0.000000;18.217536;1203.992795;1222.210331
mouse_gene.mtx;46;S;1.497091;1;7227;532;-1.000000;-1.000000;-1.000000;-1.000000;-1.000000
mouse_gene.mtx;47;F;0.005273;-1;-1;-1;15.523054;0.000000;15.523054;1222.210331;1237.733385
mouse_gene.mtx;48;S;1.535127;1;5708;442;-1.000000;-1.000000;-1.000000;-1.000000;-1.000000
mouse_gene.mtx;49;F;0.005218;-1;-1;-1;12.725617;0.000000;12.725617;1237.733385;1250.459002
mouse_gene.mtx;50;S;1.475579;1;4368;411;-1.000000;-1.000000;-1.000000;-1.000000;-1.000000
mouse_gene.mtx;51;F;0.007221;-1;-1;-1;11.584456;0.000000;11.584456;1250.459002;1262.043458
mouse_gene.mtx;52;S;1.498508;1;3046;346;-1.000000;-1.000000;-1.000000;-1.000000;-1.000000
mouse_gene.mtx;53;F;0.005016;-1;-1;-1;9.484490;0.000000;9.484490;1262.043458;1271.527948
mouse_gene.mtx;54;S;1.496065;1;1930;269;-1.000000;-1.000000;-1.000000;-1.000000;-1.000000
mouse_gene.mtx;55;F;0.004793;-1;-1;-1;7.192788;0.000000;7.192788;1271.527948;1278.720736
mouse_gene.mtx;56;S;1.468973;1;1074;221;-1.000000;-1.000000;-1.000000;-1.000000;-1.000000
mouse_gene.mtx;57;F;0.004560;-1;-1;-1;5.807637;0.000000;5.807637;1278.720736;1284.528373
mouse_gene.mtx;58;S;1.576729;1;384;109;-1.000000;-1.000000;-1.000000;-1.000000;-1.000000
mouse_gene.mtx;59;F;0.004401;-1;-1;-1;2.807875;0.000000;2.807875;1284.528373;1287.336248
mouse_gene.mtx;60;S;1.499935;1;72;24;-1.000000;-1.000000;-1.000000;-1.000000;-1.000000
mouse_gene.mtx;61;F;0.004588;-1;-1;-1;0.610479;0.000000;0.610479;1287.336248;1287.946727
mouse_gene.mtx;62;S;1.487549;1;5;2;-1.000000;-1.000000;-1.000000;-1.000000;-1.000000
mouse_gene.mtx;63;F;0.004425;-1;-1;-1;0.050778;0.000000;0.050778;1287.946727;1287.997505
mouse_gene.mtx;64;S;12.200541;2;15358;934;-1.000000;-1.000000;-1.000000;-1.000000;-1.000000
mouse_gene.mtx;65;F;0.006290;-1;-1;-1;79.866177;58.027356;21.838821;1287.997505;1309.836326
mouse_gene.mtx;66;S;10.582894;2;10244;517;-1.000000;-1.000000;-1.000000;-1.000000;-1.000000
mouse_gene.mtx;67;F;0.007714;-1;-1;-1;33.411369;24.050082;9.361287;1309.836326;1319.197613
mouse_gene.mtx;68;S;10.800121;2;7326;409;-1.000000;-1.000000;-1.000000;-1.000000;-1.000000
mouse_gene.mtx;69;F;0.005164;-1;-1;-1;25.737861;19.882119;5.855742;1319.197613;1325.053355
mouse_gene.mtx;70;S;10.745325;2;5584;347;-1.000000;-1.000000;-1.000000;-1.000000;-1.000000
mouse_gene.mtx;71;F;0.004561;-1;-1;-1;22.055530;17.591803;4.463727;1325.053355;1329.517082
mouse_gene.mtx;72;S;10.582515;2;4242;260;-1.000000;-1.000000;-1.000000;-1.000000;-1.000000
mouse_gene.mtx;73;F;0.004602;-1;-1;-1;15.656855;12.865763;2.791092;1329.517082;1332.308174
mouse_gene.mtx;74;S;10.514488;2;3418;242;-1.000000;-1.000000;-1.000000;-1.000000;-1.000000
mouse_gene.mtx;75;F;0.004364;-1;-1;-1;14.587866;12.271408;2.316458;1332.308174;1334.624632
mouse_gene.mtx;76;S;10.637459;2;2674;199;-1.000000;-1.000000;-1.000000;-1.000000;-1.000000
mouse_gene.mtx;77;F;0.004205;-1;-1;-1;12.300952;10.656968;1.643984;1334.624632;1336.268616
mouse_gene.mtx;78;S;10.564276;2;1970;155;-1.000000;-1.000000;-1.000000;-1.000000;-1.000000
mouse_gene.mtx;79;F;0.004362;-1;-1;-1;9.678591;8.613829;1.064762;1336.268616;1337.333378
mouse_gene.mtx;80;S;10.554165;2;1448;167;-1.000000;-1.000000;-1.000000;-1.000000;-1.000000
mouse_gene.mtx;81;F;0.004367;-1;-1;-1;9.953019;9.078512;0.874507;1337.333378;1338.207885
mouse_gene.mtx;82;S;10.648638;2;1156;130;-1.000000;-1.000000;-1.000000;-1.000000;-1.000000
mouse_gene.mtx;83;F;0.004158;-1;-1;-1;7.957870;7.300666;0.657204;1338.207885;1338.865089
mouse_gene.mtx;84;S;10.460077;2;828;110;-1.000000;-1.000000;-1.000000;-1.000000;-1.000000
mouse_gene.mtx;85;F;0.003712;-1;-1;-1;6.662597;6.265492;0.397105;1338.865089;1339.262194
mouse_gene.mtx;86;S;10.519439;2;648;80;-1.000000;-1.000000;-1.000000;-1.000000;-1.000000
mouse_gene.mtx;87;F;0.003811;-1;-1;-1;4.983358;4.699494;0.283864;1339.262194;1339.546058
mouse_gene.mtx;88;S;10.361493;2;468;63;-1.000000;-1.000000;-1.000000;-1.000000;-1.000000
mouse_gene.mtx;89;F;0.003658;-1;-1;-1;3.782701;3.606660;0.176041;1339.546058;1339.722099
mouse_gene.mtx;90;S;10.366067;2;374;53;-1.000000;-1.000000;-1.000000;-1.000000;-1.000000
mouse_gene.mtx;91;F;0.003780;-1;-1;-1;3.541597;3.389771;0.151826;1339.722099;1339.873925
mouse_gene.mtx;92;S;10.587890;2;206;40;-1.000000;-1.000000;-1.000000;-1.000000;-1.000000
mouse_gene.mtx;93;F;0.004064;-1;-1;-1;2.514660;2.414383;0.100277;1339.873925;1339.974202
mouse_gene.mtx;94;S;10.556861;2;190;27;-1.000000;-1.000000;-1.000000;-1.000000;-1.000000
mouse_gene.mtx;95;F;0.003999;-1;-1;-1;1.698747;1.635030;0.063717;1339.974202;1340.037919
mouse_gene.mtx;96;S;10.827213;2;90;17;-1.000000;-1.000000;-1.000000;-1.000000;-1.000000
mouse_gene.mtx;97;F;0.003705;-1;-1;-1;1.083378;1.051370;0.032008;1340.037919;1340.069927
mouse_gene.mtx;98;S;10.604619;2;94;19;-1.000000;-1.000000;-1.000000;-1.000000;-1.000000
mouse_gene.mtx;99;F;0.003802;-1;-1;-1;1.207562;1.154132;0.053430;1340.069927;1340.123357
mouse_gene.mtx;100;S;10.958117;2;50;11;-1.000000;-1.000000;-1.000000;-1.000000;-1.000000
mouse_gene.mtx;101;F;0.003724;-1;-1;-1;0.674639;0.655608;0.019031;1340.123357;1340.142388
mouse_gene.mtx;102;S;10.165408;2;22;6;-1.000000;-1.000000;-1.000000;-1.000000;-1.000000
mouse_gene.mtx;103;F;0.003545;-1;-1;-1;0.353209;0.348014;0.005195;1340.142388;1340.147583
mouse_gene.mtx;104;S;10.294507;2;12;2;-1.000000;-1.000000;-1.000000;-1.000000;-1.000000
mouse_gene.mtx;105;F;0.003362;-1;-1;-1;0.133730;0.129106;0.004624;1340.147583;1340.152207
mouse_gene.mtx;106;S;10.312356;2;8;1;-1.000000;-1.000000;-1.000000;-1.000000;-1.000000
mouse_gene.mtx;107;F;0.003551;-1;-1;-1;0.069014;0.067094;0.001920;1340.152207;1340.154127
mouse_gene.mtx;108;S;12.295658;3;2536;213;-1.000000;-1.000000;-1.000000;-1.000000;-1.000000
mouse_gene.mtx;109;F;0.006350;-1;-1;-1;22.754920;20.722711;2.032209;1340.154127;1342.186336
mouse_gene.mtx;110;S;11.649799;3;7108;47;-1.000000;-1.000000;-1.000000;-1.000000;-1.000000
mouse_gene.mtx;111;F;0.004783;-1;-1;-1;4.476504;4.020901;0.455603;1342.186336;1342.641939
mouse_gene.mtx;112;S;12.622624;3;4719;34;-1.000000;-1.000000;-1.000000;-1.000000;-1.000000
mouse_gene.mtx;113;F;0.004671;-1;-1;-1;3.448696;3.089087;0.359609;1342.641939;1343.001548
mouse_gene.mtx;114;S;11.835936;3;2552;50;-1.000000;-1.000000;-1.000000;-1.000000;-1.000000
mouse_gene.mtx;115;F;0.004878;-1;-1;-1;5.262608;4.833250;0.429358;1343.001548;1343.430906
mouse_gene.mtx;116;S;15.204167;3;2703;48;-1.000000;-1.000000;-1.000000;-1.000000;-1.000000
mouse_gene.mtx;117;F;0.010002;-1;-1;-1;4.608999;4.288158;0.320841;1343.430906;1343.751747
mouse_gene.mtx;118;S;12.286424;3;1742;54;-1.000000;-1.000000;-1.000000;-1.000000;-1.000000
mouse_gene.mtx;119;F;0.005676;-1;-1;-1;5.202505;4.843564;0.358941;1343.751747;1344.110688
mouse_gene.mtx;120;S;11.397662;3;1159;65;-1.000000;-1.000000;-1.000000;-1.000000;-1.000000
mouse_gene.mtx;121;F;0.005194;-1;-1;-1;6.730638;6.416022;0.314616;1344.110688;1344.425304
mouse_gene.mtx;122;S;11.491818;3;1065;53;-1.000000;-1.000000;-1.000000;-1.000000;-1.000000
mouse_gene.mtx;123;F;0.007677;-1;-1;-1;5.513730;5.215364;0.298366;1344.425304;1344.723670
mouse_gene.mtx;124;S;11.510554;3;916;53;-1.000000;-1.000000;-1.000000;-1.000000;-1.000000
mouse_gene.mtx;125;F;0.004986;-1;-1;-1;5.219999;5.009479;0.210520;1344.723670;1344.934190
mouse_gene.mtx;126;S;11.401650;3;2073;19;-1.000000;-1.000000;-1.000000;-1.000000;-1.000000
mouse_gene.mtx;127;F;0.004711;-1;-1;-1;2.384844;2.268459;0.116385;1344.934190;1345.050575
mouse_gene.mtx;128;S;11.880908;3;1231;19;-1.000000;-1.000000;-1.000000;-1.000000;-1.000000
mouse_gene.mtx;129;F;0.004981;-1;-1;-1;1.744994;1.616509;0.128485;1345.050575;1345.179060
mouse_gene.mtx;130;S;11.387226;3;582;34;-1.000000;-1.000000;-1.000000;-1.000000;-1.000000
mouse_gene.mtx;131;F;0.004698;-1;-1;-1;3.424375;3.286306;0.138069;1345.179060;1345.317129
mouse_gene.mtx;132;S;11.318083;3;477;37;-1.000000;-1.000000;-1.000000;-1.000000;-1.000000
mouse_gene.mtx;133;F;0.004635;-1;-1;-1;4.048071;3.917196;0.130875;1345.317129;1345.448004
mouse_gene.mtx;134;S;11.319738;3;1708;17;-1.000000;-1.000000;-1.000000;-1.000000;-1.000000
mouse_gene.mtx;135;F;0.004440;-1;-1;-1;2.038202;1.902334;0.135868;1345.448004;1345.583872
mouse_gene.mtx;136;S;11.383901;3;432;26;-1.000000;-1.000000;-1.000000;-1.000000;-1.000000
mouse_gene.mtx;137;F;0.006022;-1;-1;-1;2.765240;2.649316;0.115924;1345.583872;1345.699796
mouse_gene.mtx;138;S;11.291414;3;458;20;-1.000000;-1.000000;-1.000000;-1.000000;-1.000000
mouse_gene.mtx;139;F;0.004528;-1;-1;-1;2.001630;1.902630;0.099000;1345.699796;1345.798796
mouse_gene.mtx;140;S;11.273025;3;110;24;-1.000000;-1.000000;-1.000000;-1.000000;-1.000000
mouse_gene.mtx;141;F;0.004679;-1;-1;-1;2.656440;2.610724;0.045716;1345.798796;1345.844512
mouse_gene.mtx;142;S;11.303133;3;211;13;-1.000000;-1.000000;-1.000000;-1.000000;-1.000000
mouse_gene.mtx;143;F;0.004507;-1;-1;-1;1.328260;1.254346;0.073914;1345.844512;1345.918426
mouse_gene.mtx;144;S;11.286732;3;79;14;-1.000000;-1.000000;-1.000000;-1.000000;-1.000000
mouse_gene.mtx;145;F;0.004595;-1;-1;-1;1.372605;1.341081;0.031524;1345.918426;1345.949950
mouse_gene.mtx;146;S;11.261277;3;87;12;-1.000000;-1.000000;-1.000000;-1.000000;-1.000000
mouse_gene.mtx;147;F;0.004548;-1;-1;-1;1.244762;1.214992;0.029770;1345.949950;1345.979720
mouse_gene.mtx;148;S;11.251738;3;82;10;-1.000000;-1.000000;-1.000000;-1.000000;-1.000000
mouse_gene.mtx;149;F;0.004394;-1;-1;-1;0.987479;0.964525;0.022954;1345.979720;1346.002674
mouse_gene.mtx;150;S;11.411732;3;54;5;-1.000000;-1.000000;-1.000000;-1.000000;-1.000000
mouse_gene.mtx;151;F;0.004585;-1;-1;-1;0.464953;0.449213;0.015740;1346.002674;1346.018414
mouse_gene.mtx;152;S;11.390228;3;24;7;-1.000000;-1.000000;-1.000000;-1.000000;-1.000000
mouse_gene.mtx;153;F;0.004555;-1;-1;-1;0.657984;0.640540;0.017444;1346.018414;1346.035858
mouse_gene.mtx;154;S;11.365843;3;33;6;-1.000000;-1.000000;-1.000000;-1.000000;-1.000000
mouse_gene.mtx;155;F;0.007459;-1;-1;-1;0.638807;0.620389;0.018418;1346.035858;1346.054276
mouse_gene.mtx;156;S;11.263896;3;110;1;-1.000000;-1.000000;-1.000000;-1.000000;-1.000000
mouse_gene.mtx;157;F;0.004382;-1;-1;-1;0.111215;0.104198;0.007017;1346.054276;1346.061293
mouse_gene.mtx;158;S;11.273084;3;33;1;-1.000000;-1.000000;-1.000000;-1.000000;-1.000000
mouse_gene.mtx;159;F;0.004290;-1;-1;-1;0.081245;0.077539;0.003706;1346.061293;1346.064999
mouse_gene.mtx;160;S;11.281497;3;6;2;-1.000000;-1.000000;-1.000000;-1.000000;-1.000000
mouse_gene.mtx;161;F;0.004412;-1;-1;-1;0.218147;0.217315;0.000832;1346.064999;1346.065831
mouse_gene.mtx;162;S;11.281288;3;6;2;-1.000000;-1.000000;-1.000000;-1.000000;-1.000000
mouse_gene.mtx;163;F;0.004363;-1;-1;-1;0.180580;0.178788;0.001792;1346.065831;1346.067623
mouse_gene.mtx;164;S;11.241753;3;35;1;-1.000000;-1.000000;-1.000000;-1.000000;-1.000000
mouse_gene.mtx;165;F;0.004307;-1;-1;-1;0.095995;0.088590;0.007405;1346.067623;1346.075028
mouse_gene.mtx;166;S;11.276415;3;5;1;-1.000000;-1.000000;-1.000000;-1.000000;-1.000000
mouse_gene.mtx;167;F;0.004319;-1;-1;-1;0.114816;0.111395;0.003421;1346.075028;1346.078449
mouse_gene.mtx;168;S;11.224926;3;15;1;-1.000000;-1.000000;-1.000000;-1.000000;-1.000000
mouse_gene.mtx;169;F;0.004258;-1;-1;-1;0.077642;0.073946;0.003696;1346.078449;1346.082145
mouse_gene.mtx;170;S;11.222825;3;4;1;-1.000000;-1.000000;-1.000000;-1.000000;-1.000000
mouse_gene.mtx;171;F;0.004423;-1;-1;-1;0.085787;0.084342;0.001445;1346.082145;1346.083590
mouse_gene.mtx;172;S;11.449796;3;10;1;-1.000000;-1.000000;-1.000000;-1.000000;-1.000000
mouse_gene.mtx;173;F;0.004339;-1;-1;-1;0.098562;0.095628;0.002934;1346.083590;1346.086524
mouse_gene.mtx;174;S;2.018649;1;8;4;-1.000000;-1.000000;-1.000000;-1.000000;-1.000000
mouse_gene.mtx;175;F;0.003567;-1;-1;-1;0.104827;0.102204;0.002623;1346.086524;1346.089147
mouse_gene.mtx;176;S;11.342506;2;224;57;-1.000000;-1.000000;-1.000000;-1.000000;-1.000000
mouse_gene.mtx;177;F;0.004291;-1;-1;-1;4.666990;4.544517;0.122473;1346.089147;1346.211620
mouse_gene.mtx;178;S;10.081377;2;38;9;-1.000000;-1.000000;-1.000000;-1.000000;-1.000000
mouse_gene.mtx;179;F;0.003601;-1;-1;-1;1.059033;1.035919;0.023114;1346.211620;1346.234734
mouse_gene.mtx;180;S;10.002098;2;4;1;-1.000000;-1.000000;-1.000000;-1.000000;-1.000000
mouse_gene.mtx;181;F;0.003466;-1;-1;-1;0.107973;0.106450;0.001523;1346.234734;1346.236257
mouse_gene.mtx;182;S;12.034933;3;15;7;-1.000000;-1.000000;-1.000000;-1.000000;-1.000000
mouse_gene.mtx;183;F;0.006344;-1;-1;-1;0.757864;0.731936;0.025928;1346.236257;1346.262185
mouse_gene.mtx;184;S;11.285199;3;132;4;-1.000000;-1.000000;-1.000000;-1.000000;-1.000000
mouse_gene.mtx;185;F;0.004265;-1;-1;-1;1.159693;1.119211;0.040482;1346.262185;1346.302667
mouse_gene.mtx;186;S;11.605459;3;2025;1;-1.000000;-1.000000;-1.000000;-1.000000;-1.000000
mouse_gene.mtx;187;F;0.004665;-1;-1;-1;0.252593;0.204418;0.048175;1346.302667;1346.350842
mouse_gene.mtx;188;S;11.401401;3;28;4;-1.000000;-1.000000;-1.000000;-1.000000;-1.000000
mouse_gene.mtx;189;F;0.004843;-1;-1;-1;0.595779;0.578601;0.017178;1346.350842;1346.368020
mouse_gene.mtx;190;S;11.321468;3;377;1;-1.000000;-1.000000;-1.000000;-1.000000;-1.000000
mouse_gene.mtx;191;F;0.004345;-1;-1;-1;0.099163;0.082801;0.016362;1346.368020;1346.384382
mouse_gene.mtx;192;S;11.642133;2;2;1;-1.000000;-1.000000;-1.000000;-1.000000;-1.000000
mouse_gene.mtx;193;F;0.003587;-1;-1;-1;0.094595;0.091817;0.002778;1346.384382;1346.387160
